Nama,Kategori,Alamat,Telepon,WhatsApp,Instagram (cari),Rating,Jumlah Ulasan,Link Maps
Elskoffie,Kafe,"Jl. Prof. Dr. Suharso No.2, Arcawinangun, Kec. Purwokerto Tim., Kabupaten Banyumas, Jawa Tengah 53115, Indonesia",,,https://www.instagram.com/explore/search/keyword/?q=Elskoffie,4.8,932,https://maps.google.com/?cid=18235239507433663026&g_mp=Cidnb29nbGUubWFwcy5wbGFjZXMudjEuUGxhY2VzLlNlYXJjaFRleHQQAhgEIAA
"Arasta Alpha, Overste Isdiman",Kafe,"Ruko Widodo, Jl. Overste Isdiman, Jatiwinangun, Purwokerto Lor, Kec. Purwokerto Tim., Kabupaten Banyumas, Jawa Tengah 53114, Indonesia",0815-6705-602,https://wa.me/628156705602,https://www.instagram.com/explore/search/keyword/?q=Arasta%20Alpha%2C%20Overste%20Isdiman,4.8,3564,https://maps.google.com/?cid=6345887622391573051&g_mp=Cidnb29nbGUubWFwcy5wbGFjZXMudjEuUGxhY2VzLlNlYXJjaFRleHQQAhgEIAA
Diruma Coffee Living,Kafe,"Jl. Sultan Agung No.255, Karang Malang, Teluk, Kec. Purwokerto Sel., Kabupaten Banyumas, Jawa Tengah 53145, Indonesia",0821-4340-233,https://wa.me/628214340233,https://www.instagram.com/explore/search/keyword/?q=Diruma%20Coffee%20Living,4.9,975,https://maps.google.com/?cid=1347829500546948971&g_mp=Cidnb29nbGUubWFwcy5wbGFjZXMudjEuUGxhY2VzLlNlYXJjaFRleHQQAhgEIAA
Lav Cafe Purwokerto,Kafe,"Ruko, Permata Hijau Raya Jl. Dr. Angka, Glempang, Bancarkembar, Kec. Purwokerto Tim., Kabupaten Banyumas, Jawa Tengah 53115, Indonesia",0813-1896-8383,https://wa.me/6281318968383,https://www.instagram.com/explore/search/keyword/?q=Lav%20Cafe%20Purwokerto,4.8,1295,https://maps.google.com/?cid=10135655657834291147&g_mp=Cidnb29nbGUubWFwcy5wbGFjZXMudjEuUGxhY2VzLlNlYXJjaFRleHQQAhgEIAA
Ruang Temu,Kafe,"Jl. A. Yani No.28C, Karangjengkol, Sokanegara, Kec. Purwokerto Tim., Kabupaten Banyumas, Jawa Tengah 53115, Indonesia",0822-2076-2187,https://wa.me/6282220762187,https://www.instagram.com/explore/search/keyword/?q=Ruang%20Temu,4.6,555,https://maps.google.com/?cid=10564429668291220033&g_mp=Cidnb29nbGUubWFwcy5wbGFjZXMudjEuUGxhY2VzLlNlYXJjaFRleHQQAhgEIAA
KURO COFFEE EATERY,Kafe,"Jl. Gelora Indah I No.18, Mangunjaya, Purwokerto Lor, Kec. Purwokerto Tim., Kabupaten Banyumas, Jawa Tengah 53113, Indonesia",0896-7332-3596,https://wa.me/6289673323596,https://www.instagram.com/explore/search/keyword/?q=KURO%20COFFEE%20EATERY,4.7,377,https://maps.google.com/?cid=879116504977902682&g_mp=Cidnb29nbGUubWFwcy5wbGFjZXMudjEuUGxhY2VzLlNlYXJjaFRleHQQAhgEIAA
Teratai Cafe,Kafe,"Jl. Bung Karno, Kalibener, Purwanegara, Kec. Purwokerto Tim., Kabupaten Banyumas, Jawa Tengah 53114, Indonesia",0821-3880-8088,https://wa.me/6282138808088,https://www.instagram.com/explore/search/keyword/?q=Teratai%20Cafe,4.8,1104,https://maps.google.com/?cid=6593728975015764941&g_mp=Cidnb29nbGUubWFwcy5wbGFjZXMudjEuUGxhY2VzLlNlYXJjaFRleHQQAhgEIAA
626 Coffee Hub,Kafe,"Jl. Riyanto No.29, RT.03/RW.04, Karangmiri, Sumampir, Kec. Purwokerto Utara, Kabupaten Banyumas, Jawa Tengah 53125, Indonesia",,,https://www.instagram.com/explore/search/keyword/?q=626%20Coffee%20Hub,4.6,285,https://maps.google.com/?cid=14751910894347700924&g_mp=Cidnb29nbGUubWFwcy5wbGFjZXMudjEuUGxhY2VzLlNlYXJjaFRleHQQAhgEIAA
JOY COFFEE & EATERY (Roastery Coffee),Kafe,"Jl. Pramuka No.253, Pertabatan, Purwokerto Kidul, Kec. Purwokerto Sel., Kabupaten Banyumas, Jawa Tengah 53147, Indonesia",0813-1897-2228,https://wa.me/6281318972228,https://www.instagram.com/explore/search/keyword/?q=JOY%20COFFEE%20%26%20EATERY%20(Roastery%20Coffee),4.7,223,https://maps.google.com/?cid=17921000319092095826&g_mp=Cidnb29nbGUubWFwcy5wbGFjZXMudjEuUGxhY2VzLlNlYXJjaFRleHQQAhgEIAA
NAMA Coffee & Eatery,Kafe,"Jl. Gerilya Timur No.35, Kruwet, Teluk, Kec. Purwokerto Sel., Kabupaten Banyumas, Jawa Tengah 53145, Indonesia",0812-2971-4047,https://wa.me/6281229714047,https://www.instagram.com/explore/search/keyword/?q=NAMA%20Coffee%20%26%20Eatery,4.7,266,https://maps.google.com/?cid=587505955706499302&g_mp=Cidnb29nbGUubWFwcy5wbGFjZXMudjEuUGxhY2VzLlNlYXJjaFRleHQQAhgEIAA
Nicetime Cafe Purwokerto,Kafe,"Ruko Perhutani No, Pereng, Sokanegara, Kec. Purwokerto Tim., Kabupaten Banyumas, Jawa Tengah 53115, Indonesia",(0281) 6510422,https://wa.me/622816510422,https://www.instagram.com/explore/search/keyword/?q=Nicetime%20Cafe%20Purwokerto,4.4,589,https://maps.google.com/?cid=6810297951878745452&g_mp=Cidnb29nbGUubWFwcy5wbGFjZXMudjEuUGxhY2VzLlNlYXJjaFRleHQQAhgEIAA
36.ascend,Kafe,"Arcawinangun, Kec. Purwokerto Tim., Kabupaten Banyumas, Jawa Tengah 53113, Indonesia",0851-2294-7828,https://wa.me/6285122947828,https://www.instagram.com/explore/search/keyword/?q=36.ascend,4.5,137,https://maps.google.com/?cid=14926033561519755786&g_mp=Cidnb29nbGUubWFwcy5wbGFjZXMudjEuUGxhY2VzLlNlYXJjaFRleHQQAhgEIAA
WN Cafe Purwokerto,Kafe,"Hotel Wisata Niaga, Jl. Merdeka No.5, Brubahan, Kranji, Kec. Purwokerto Tim., Kabupaten Banyumas, Jawa Tengah 53116, Indonesia",0813-9507-5858,https://wa.me/6281395075858,https://www.instagram.com/explore/search/keyword/?q=WN%20Cafe%20Purwokerto,4.5,142,https://maps.google.com/?cid=4374954531583454844&g_mp=Cidnb29nbGUubWFwcy5wbGFjZXMudjEuUGxhY2VzLlNlYXJjaFRleHQQAhgEIAA
Lungguh Coffee & Eatery,Kafe,"Jl. RA Wiryaatmaja No.27, Pesayangan, Kedungwuluh, Kec. Purwokerto Bar., Kabupaten Banyumas, Jawa Tengah 53131, Indonesia",0851-7541-9800,https://wa.me/6285175419800,https://www.instagram.com/explore/search/keyword/?q=Lungguh%20Coffee%20%26%20Eatery,4.6,188,https://maps.google.com/?cid=140644561496163729&g_mp=Cidnb29nbGUubWFwcy5wbGFjZXMudjEuUGxhY2VzLlNlYXJjaFRleHQQAhgEIAA
Bento Kopi Purwokerto,Kafe,"Pabuwaran, Pabuaran, Kec. Purwokerto Utara, Kabupaten Banyumas, Jawa Tengah 53124, Indonesia",0859-3565-1874,https://wa.me/6285935651874,https://www.instagram.com/explore/search/keyword/?q=Bento%20Kopi%20Purwokerto,4.5,1286,https://maps.google.com/?cid=1637412238430188134&g_mp=Cidnb29nbGUubWFwcy5wbGFjZXMudjEuUGxhY2VzLlNlYXJjaFRleHQQAhgEIAA
Colony Cafe,Kafe,"Jl. Letjend Pol. Soemarto, Watumas, Purwanegara, Kec. Purwokerto Tim., Kabupaten Banyumas, Jawa Tengah 53127, Indonesia",,,https://www.instagram.com/explore/search/keyword/?q=Colony%20Cafe,4.5,243,https://maps.google.com/?cid=11599469585873053454&g_mp=Cidnb29nbGUubWFwcy5wbGFjZXMudjEuUGxhY2VzLlNlYXJjaFRleHQQAhgEIAA
Kedai Djayakarta,Kafe,"Jl. Karang Kobar, Pakembaran, Bancarkembar, Kec. Purwokerto Utara, Kabupaten Banyumas, Jawa Tengah 53121, Indonesia",0856-0030-3090,https://wa.me/6285600303090,https://www.instagram.com/explore/search/keyword/?q=Kedai%20Djayakarta,4.2,132,https://maps.google.com/?cid=16423538609059987620&g_mp=Cidnb29nbGUubWFwcy5wbGFjZXMudjEuUGxhY2VzLlNlYXJjaFRleHQQAhgEIAA
WARKODIR,Kafe,"Ruko Atrimum, Jl. Jend. Sudirman No.1, RT.03/RW.04, Kauman Lama, Purwokerto Kulon, Kec. Purwokerto Sel., Kabupaten Banyumas, Jawa Tengah 53116, Indonesia",0856-0225-2902,https://wa.me/6285602252902,https://www.instagram.com/explore/search/keyword/?q=WARKODIR,4.9,52,https://maps.google.com/?cid=9160511777945812049&g_mp=Cidnb29nbGUubWFwcy5wbGFjZXMudjEuUGxhY2VzLlNlYXJjaFRleHQQAhgEIAA
Milos Coffee,Kafe,"Kebondalem, Purwokerto Lor, Kec. Purwokerto Tim., Kabupaten Banyumas, Jawa Tengah 53114, Indonesia",0877-0473-6071,https://wa.me/6287704736071,https://www.instagram.com/explore/search/keyword/?q=Milos%20Coffee,4.6,555,https://maps.google.com/?cid=8452630243542555437&g_mp=Cidnb29nbGUubWFwcy5wbGFjZXMudjEuUGxhY2VzLlNlYXJjaFRleHQQAhgEIAA
Kopi Calf Signature Gor Satria Purwokerto,Kafe,"Jl. Prof. Dr. Suharso No.53, Mangunjaya, Purwokerto Lor, Kec. Purwokerto Tim., Kabupaten Banyumas, Jawa Tengah 53114, Indonesia",,,https://www.instagram.com/explore/search/keyword/?q=Kopi%20Calf%20Signature%20Gor%20Satria%20Purwokerto,4.7,1429,https://maps.google.com/?cid=18283072391852777391&g_mp=Cidnb29nbGUubWFwcy5wbGFjZXMudjEuUGxhY2VzLlNlYXJjaFRleHQQAhgEIAA
Annyeong Korean Cafe Purwokerto,Kafe,"Jl. Masjid No.43, Purwokerto, Sokanegara, Kec. Purwokerto Tim., Kabupaten Banyumas, Jawa Tengah 53115, Indonesia",,,https://www.instagram.com/explore/search/keyword/?q=Annyeong%20Korean%20Cafe%20Purwokerto,4.8,73,https://maps.google.com/?cid=3900409369964370554&g_mp=Cidnb29nbGUubWFwcy5wbGFjZXMudjEuUGxhY2VzLlNlYXJjaFRleHQQAhgEIAA
D'warko,Kafe,"Jl. Mangunjaya No.816, Mangunjaya, Purwokerto Lor, Kec. Purwokerto Tim., Kabupaten Banyumas, Jawa Tengah 53114, Indonesia",0899-3925-757,https://wa.me/628993925757,https://www.instagram.com/explore/search/keyword/?q=D'warko,4.6,708,https://maps.google.com/?cid=18602067358387748&g_mp=Cidnb29nbGUubWFwcy5wbGFjZXMudjEuUGxhY2VzLlNlYXJjaFRleHQQAhgEIAA
Personaa Kopi Purwokerto 1,Kafe,"Jl. Jendral Suprapto No.19, Kauman Lama, Purwokerto Lor, Kauman Lama, Tim, Kec. Purwokerto Tim., Kabupaten Banyumas, Jawa Tengah 53114, Indonesia",0858-0274-7080,https://wa.me/6285802747080,https://www.instagram.com/explore/search/keyword/?q=Personaa%20Kopi%20Purwokerto%201,4.7,75,https://maps.google.com/?cid=2245402205872047475&g_mp=Cidnb29nbGUubWFwcy5wbGFjZXMudjEuUGxhY2VzLlNlYXJjaFRleHQQAhgEIAA
TEMU BAHAGIA PURWOKERTO,Kafe,"Jl. Jenderal Gatot Subroto Ruko No.B 23, Kebondalem, Purwokerto, Kec. Purwokerto Tim., Kabupaten Banyumas, Jawa Tengah 53141, Indonesia",0812-6206-4055,https://wa.me/6281262064055,https://www.instagram.com/explore/search/keyword/?q=TEMU%20BAHAGIA%20PURWOKERTO,4.7,41,https://maps.google.com/?cid=9796652297350556117&g_mp=Cidnb29nbGUubWFwcy5wbGFjZXMudjEuUGxhY2VzLlNlYXJjaFRleHQQAhgEIAA
Fore Coffee Palma Sudirman Purwokerto,Kafe,"Kranjimuntang, Purwanegara, Kec. Purwokerto Tim., Kabupaten Banyumas, Jawa Tengah 53116, Indonesia",0812-1111-8456,https://wa.me/6281211118456,https://www.instagram.com/explore/search/keyword/?q=Fore%20Coffee%20Palma%20Sudirman%20Purwokerto,4.4,816,https://maps.google.com/?cid=17153029766593346014&g_mp=Cidnb29nbGUubWFwcy5wbGFjZXMudjEuUGxhY2VzLlNlYXJjaFRleHQQAhgEIAA
Goki Cafe,Kafe,"Jl. Sokajati No.03, RT.01/RW.03, Bantarsoka, Kec. Purwokerto Bar., Kabupaten Banyumas, Jawa Tengah 53133, Indonesia",0838-6233-3223,https://wa.me/6283862333223,https://www.instagram.com/explore/search/keyword/?q=Goki%20Cafe,4.4,1138,https://maps.google.com/?cid=4635771854225215370&g_mp=Cidnb29nbGUubWFwcy5wbGFjZXMudjEuUGxhY2VzLlNlYXJjaFRleHQQAhgEIAA
Lataran Purwokerto,Kafe,"Jl. DR. Soeparno No.57, Arcawinangun, Kec. Purwokerto Tim., Kabupaten Banyumas, Jawa Tengah 53122, Indonesia",0881-8526-440,https://wa.me/628818526440,https://www.instagram.com/explore/search/keyword/?q=Lataran%20Purwokerto,4,627,https://maps.google.com/?cid=4269535409277698631&g_mp=Cidnb29nbGUubWFwcy5wbGFjZXMudjEuUGxhY2VzLlNlYXJjaFRleHQQAhgEIAA
Colony Coffee Eatery & Social Space,Kafe,"H6GQ+8V2, Jalan let kol soemarto, Brubahan, Purwanegara, Kec. Purwokerto Tim., Kabupaten Banyumas, Jawa Tengah 53127, Indonesia",,,https://www.instagram.com/explore/search/keyword/?q=Colony%20Coffee%20Eatery%20%26%20Social%20Space,4.7,16,https://maps.google.com/?cid=16335015558030242793&g_mp=Cidnb29nbGUubWFwcy5wbGFjZXMudjEuUGxhY2VzLlNlYXJjaFRleHQQAhgEIAA
Taman Coffee,Kafe,"Jl. Gn. Muria No.985, Karang Bawang, Grendeng, Kec. Purwokerto Utara, Kabupaten Banyumas, Jawa Tengah 53122, Indonesia",0813-2664-6469,https://wa.me/6281326646469,https://www.instagram.com/explore/search/keyword/?q=Taman%20Coffee,4.5,593,https://maps.google.com/?cid=9117302059971667240&g_mp=Cidnb29nbGUubWFwcy5wbGFjZXMudjEuUGxhY2VzLlNlYXJjaFRleHQQAhgEIAA
"Ours Resto & Cafe (Japanese, Western, Asian Food)",Kafe,"Jl. Dr Angka No 76 DE, Glempang, Bancarkembar, Kec. Purwokerto Tim., Kabupaten Banyumas, Jawa Tengah 53121, Indonesia",0821-3606-5606,https://wa.me/6282136065606,https://www.instagram.com/explore/search/keyword/?q=Ours%20Resto%20%26%20Cafe%20(Japanese%2C%20Western%2C%20Asian%20Food),4.8,504,https://maps.google.com/?cid=18116057513962041033&g_mp=Cidnb29nbGUubWFwcy5wbGFjZXMudjEuUGxhY2VzLlNlYXJjaFRleHQQAhgEIAA
Barak Kersen Coffee N Art,Kafe,"H6GJ+2PQ, Purwokerto, Sokanegara, Kec. Purwokerto Tim., Kabupaten Banyumas, Jawa Tengah 53115, Indonesia",0812-4929-2426,https://wa.me/6281249292426,https://www.instagram.com/explore/search/keyword/?q=Barak%20Kersen%20Coffee%20N%20Art,4.8,71,https://maps.google.com/?cid=13088197084679217966&g_mp=Cidnb29nbGUubWFwcy5wbGFjZXMudjEuUGxhY2VzLlNlYXJjaFRleHQQAhgEIAA
Hotel Verde Purwokerto,Hotel,"Jl. Kh. Safi I, Kebondalem, Purwokerto Lor, Kec. Purwokerto Tim., Kabupaten Banyumas, Jawa Tengah 53114, Indonesia",0811-2757-576,https://wa.me/628112757576,https://www.instagram.com/explore/search/keyword/?q=Hotel%20Verde%20Purwokerto,4.5,248,https://maps.google.com/?cid=10076295061664763837&g_mp=Cidnb29nbGUubWFwcy5wbGFjZXMudjEuUGxhY2VzLlNlYXJjaFRleHQQAhgEIAA
NAVA HOTEL PURWOKERTO,Hotel,"Jl. Kyai H. Wahid Hasim No.77, Windusara, Karangklesem, Kec. Purwokerto Sel., Kabupaten Banyumas, Jawa Tengah 53144, Indonesia",0821-1003-008,https://wa.me/628211003008,https://www.instagram.com/explore/search/keyword/?q=NAVA%20HOTEL%20PURWOKERTO,4.9,383,https://maps.google.com/?cid=6878675482896653498&g_mp=Cidnb29nbGUubWFwcy5wbGFjZXMudjEuUGxhY2VzLlNlYXJjaFRleHQQAhgEIAA
Hotel D'Ben Purwokerto,Hotel,"Jl. Kranji No.60, Brubahan, Purwanegara, Kec. Purwokerto Bar., Kabupaten Banyumas, Jawa Tengah 53116, Indonesia",(0281) 6510168,https://wa.me/622816510168,https://www.instagram.com/explore/search/keyword/?q=Hotel%20D'Ben%20Purwokerto,4.2,1079,https://maps.google.com/?cid=2021218049554663687&g_mp=Cidnb29nbGUubWFwcy5wbGFjZXMudjEuUGxhY2VzLlNlYXJjaFRleHQQAhgEIAA
Braga Hotel,Hotel,"Jl. Soepardjo Roestam Km. 1 No. 228, Dusun III, Sokaraja Kulon, Kec. Purwokerto Sel., Kabupaten Banyumas, Jawa Tengah 53181, Indonesia",0811-2709-223,https://wa.me/628112709223,https://www.instagram.com/explore/search/keyword/?q=Braga%20Hotel,4.7,723,https://maps.google.com/?cid=8984733366460871689&g_mp=Cidnb29nbGUubWFwcy5wbGFjZXMudjEuUGxhY2VzLlNlYXJjaFRleHQQAhgEIAA
Hotel Bening Syariah,Hotel,"Gg. Catur No.8, Mangunjaya, Purwokerto Lor, Kec. Purwokerto Tim., Kabupaten Banyumas, Jawa Tengah 53114, Indonesia",0811-2447-038,https://wa.me/628112447038,https://www.instagram.com/explore/search/keyword/?q=Hotel%20Bening%20Syariah,4.8,246,https://maps.google.com/?cid=6668710123249937786&g_mp=Cidnb29nbGUubWFwcy5wbGFjZXMudjEuUGxhY2VzLlNlYXJjaFRleHQQAhgEIAA
Wisma Lotus Dua Purwokerto,Hotel,"Jl. Supriyadi No.054, Purwokerto Wetan, Kec. Purwokerto Tim., Kabupaten Banyumas, Jawa Tengah 53116, Indonesia",0818-387-766,https://wa.me/62818387766,https://www.instagram.com/explore/search/keyword/?q=Wisma%20Lotus%20Dua%20Purwokerto,4.8,76,https://maps.google.com/?cid=18204057977220072583&g_mp=Cidnb29nbGUubWFwcy5wbGFjZXMudjEuUGxhY2VzLlNlYXJjaFRleHQQAhgEIAA
Hotel Teratai Mas,Hotel,"Jl. DI Panjaitan No.144, Pancurawis, Purwokerto Kidul, Kec. Purwokerto Sel., Kabupaten Banyumas, Jawa Tengah 53147, Indonesia",0895-4138-88688,https://wa.me/62895413888688,https://www.instagram.com/explore/search/keyword/?q=Hotel%20Teratai%20Mas,4,521,https://maps.google.com/?cid=3804510736110186248&g_mp=Cidnb29nbGUubWFwcy5wbGFjZXMudjEuUGxhY2VzLlNlYXJjaFRleHQQAhgEIAA
Halona Guest House Purwokerto,Hotel,"Jl. Jend. Sudirman No.373, Brubahan, Purwanegara, Kec. Purwokerto Tim., Kabupaten Banyumas, Jawa Tengah 53116, Indonesia",0812-8701-9889,https://wa.me/6281287019889,https://www.instagram.com/explore/search/keyword/?q=Halona%20Guest%20House%20Purwokerto,4.5,455,https://maps.google.com/?cid=2692523148737033086&g_mp=Cidnb29nbGUubWFwcy5wbGFjZXMudjEuUGxhY2VzLlNlYXJjaFRleHQQAhgEIAA
Hotel Tilam Sari Purwokerto,Hotel,"Jl. Perumnas No.72B, Karang Malang, Teluk, Kec. Purwokerto Sel., Kabupaten Banyumas, Jawa Tengah 53145, Indonesia",0811-2617-172,https://wa.me/628112617172,https://www.instagram.com/explore/search/keyword/?q=Hotel%20Tilam%20Sari%20Purwokerto,4.5,155,https://maps.google.com/?cid=11691629239516147982&g_mp=Cidnb29nbGUubWFwcy5wbGFjZXMudjEuUGxhY2VzLlNlYXJjaFRleHQQAhgEIAA
Oemah 85 Syariah,Hotel,"Jl. Sokajati No.01, Bantarsoka, Kec. Purwokerto Bar., Kabupaten Banyumas, Jawa Tengah 53133, Indonesia",0816-1608-585,https://wa.me/628161608585,https://www.instagram.com/explore/search/keyword/?q=Oemah%2085%20Syariah,4.5,20,https://maps.google.com/?cid=5515810769826474129&g_mp=Cidnb29nbGUubWFwcy5wbGFjZXMudjEuUGxhY2VzLlNlYXJjaFRleHQQAhgEIAA
Hotel Amoris Purwokerto,Hotel,"Jl. Suparjo Rustam No.169, Dusun III, Sokaraja Kulon, Kec. Sokaraja, Kabupaten Banyumas, Jawa Tengah 53181, Indonesia",0877-3667-2009,https://wa.me/6287736672009,https://www.instagram.com/explore/search/keyword/?q=Hotel%20Amoris%20Purwokerto,4.3,1127,https://maps.google.com/?cid=2444168581450831789&g_mp=Cidnb29nbGUubWFwcy5wbGFjZXMudjEuUGxhY2VzLlNlYXJjaFRleHQQAhgEIAA
Hotel Soji Purwokerto by Hayden Indonesia,Hotel,"Jl. Sunan Kalijaga No.89, Dusun III, Karangnanas, Kec. Sokaraja, Kabupaten Banyumas, Jawa Tengah 53181, Indonesia",0813-5071-5757,https://wa.me/6281350715757,https://www.instagram.com/explore/search/keyword/?q=Hotel%20Soji%20Purwokerto%20by%20Hayden%20Indonesia,4.5,235,https://maps.google.com/?cid=15339194122909323702&g_mp=Cidnb29nbGUubWFwcy5wbGFjZXMudjEuUGxhY2VzLlNlYXJjaFRleHQQAhgEIAA
Hotel Wisata Niaga Merdeka Purwokerto,Hotel,"Jl. Merdeka No.5, Brubahan, Purwanegara, Kec. Purwokerto Tim., Kabupaten Banyumas, Jawa Tengah 53116, Indonesia",(0281) 642333,https://wa.me/62281642333,https://www.instagram.com/explore/search/keyword/?q=Hotel%20Wisata%20Niaga%20Merdeka%20Purwokerto,4.3,7644,https://maps.google.com/?cid=14083203449481148539&g_mp=Cidnb29nbGUubWFwcy5wbGFjZXMudjEuUGxhY2VzLlNlYXJjaFRleHQQAhgEIAA
THE LOEIN HOTEL PURWOKERTO,Hotel,"Jl. Jend. Sudirman No.119, Bantarsoka, Kec. Purwokerto Bar., Kabupaten Banyumas, Jawa Tengah 53133, Indonesia",0822-1177-1733,https://wa.me/6282211771733,https://www.instagram.com/explore/search/keyword/?q=THE%20LOEIN%20HOTEL%20PURWOKERTO,5,12,https://maps.google.com/?cid=7184838545611557626&g_mp=Cidnb29nbGUubWFwcy5wbGFjZXMudjEuUGxhY2VzLlNlYXJjaFRleHQQAhgEIAA
Fixon Hotel,Hotel,"Jl. Profesor DR. HR Boenyamin No.km.19,4, Sumampir Wetan, Pabuaran, Kec. Purwokerto Utara, Kabupaten Banyumas, Jawa Tengah 53124, Indonesia",(0281) 7771577,https://wa.me/622817771577,https://www.instagram.com/explore/search/keyword/?q=Fixon%20Hotel,4.6,745,https://maps.google.com/?cid=2656734173231292626&g_mp=Cidnb29nbGUubWFwcy5wbGFjZXMudjEuUGxhY2VzLlNlYXJjaFRleHQQAhgEIAA
Hotel Besar Purwokerto,Hotel,"Jl. Jend. Sudirman No.732, Kauman Lama, Purwokerto Lor, Kec. Purwokerto Tim., Kabupaten Banyumas, Jawa Tengah 53114, Indonesia",0811-2888-418,https://wa.me/628112888418,https://www.instagram.com/explore/search/keyword/?q=Hotel%20Besar%20Purwokerto,4.4,336,https://maps.google.com/?cid=13105004948635128196&g_mp=Cidnb29nbGUubWFwcy5wbGFjZXMudjEuUGxhY2VzLlNlYXJjaFRleHQQAhgEIAA
RedDoorz near GOR Satria 3,Hotel,"Jl. DR. Soeparno Selatan No.57, Arcawinangun, Kec. Purwokerto Tim., Kabupaten Banyumas, Jawa Tengah 53113, Indonesia",0813-2227-795,https://wa.me/628132227795,https://www.instagram.com/explore/search/keyword/?q=RedDoorz%20near%20GOR%20Satria%203,4.5,181,https://maps.google.com/?cid=7011748686045489808&g_mp=Cidnb29nbGUubWFwcy5wbGFjZXMudjEuUGxhY2VzLlNlYXJjaFRleHQQAhgEIAA
RedDoorz near Rita Super Mall Purwokerto,Hotel,"Jl. Letjend Pol. Soemarto, Karanganjing, Purwanegara, Kec. Purwokerto Tim., Kabupaten Banyumas, Jawa Tengah 53127, Indonesia",0813-2227-795,https://wa.me/628132227795,https://www.instagram.com/explore/search/keyword/?q=RedDoorz%20near%20Rita%20Super%20Mall%20Purwokerto,4.5,102,https://maps.google.com/?cid=232302188016948833&g_mp=Cidnb29nbGUubWFwcy5wbGFjZXMudjEuUGxhY2VzLlNlYXJjaFRleHQQAhgEIAA
HBA Residence Purwokerto,Hotel,"Jl. Pasukan Pelajar Imam No.1, Kebontebu, Berkoh, Kec. Purwokerto Sel., Kabupaten Banyumas, Jawa Tengah 53146, Indonesia",0856-9590-7800,https://wa.me/6285695907800,https://www.instagram.com/explore/search/keyword/?q=HBA%20Residence%20Purwokerto,4.6,381,https://maps.google.com/?cid=4262835125303774055&g_mp=Cidnb29nbGUubWFwcy5wbGFjZXMudjEuUGxhY2VzLlNlYXJjaFRleHQQAhgEIAA
Hotel Asri Baru,Hotel,"Jl. Kauman Lama No.14, Kauman Lama, Purwokerto Lor, Kec. Purwokerto Tim., Kabupaten Banyumas, Jawa Tengah 53115, Indonesia",0822-2186-1401,https://wa.me/6282221861401,https://www.instagram.com/explore/search/keyword/?q=Hotel%20Asri%20Baru,4.1,395,https://maps.google.com/?cid=13510799328009121327&g_mp=Cidnb29nbGUubWFwcy5wbGFjZXMudjEuUGxhY2VzLlNlYXJjaFRleHQQAhgEIAA
GK Gallery Rumah Sewa,Hotel,"Jl. DI Panjaitan No.389, Kedungampel, Purwokerto Kulon, Kec. Purwokerto Sel., Kabupaten Banyumas, Jawa Tengah 53141, Indonesia",,,https://www.instagram.com/explore/search/keyword/?q=GK%20Gallery%20Rumah%20Sewa,4.5,91,https://maps.google.com/?cid=5061597766815550495&g_mp=Cidnb29nbGUubWFwcy5wbGFjZXMudjEuUGxhY2VzLlNlYXJjaFRleHQQAhgEIAA
Satria Guest House near Unsoed Purwokerto,Hotel,"Jl. Ringin Tirto No.163 B, RT.3/RW.2, Glempang, Bancarkembar, Kec. Purwokerto Utara, Kabupaten Banyumas, Jawa Tengah 53121, Indonesia",0856-2403-7337,https://wa.me/6285624037337,https://www.instagram.com/explore/search/keyword/?q=Satria%20Guest%20House%20near%20Unsoed%20Purwokerto,5,15,https://maps.google.com/?cid=15484369864960738970&g_mp=Cidnb29nbGUubWFwcy5wbGFjZXMudjEuUGxhY2VzLlNlYXJjaFRleHQQAhgEIAA
Titik Temu Homestay,Hotel,"Blok CD 2 Jl. Limas Agung No.2, Glempang, Bancarkembar, Kec. Purwokerto Utara, Kabupaten Banyumas, Jawa Tengah 53121, Indonesia",,,https://www.instagram.com/explore/search/keyword/?q=Titik%20Temu%20Homestay,4.6,48,https://maps.google.com/?cid=13435997676874178625&g_mp=Cidnb29nbGUubWFwcy5wbGFjZXMudjEuUGxhY2VzLlNlYXJjaFRleHQQAhgEIAA
Amara Hotel Purwokerto,Hotel,"Jl. Letjend Pol. Soemarto, Watumas, Purwanegara, Kec. Purwokerto Tim., Kabupaten Banyumas, Jawa Tengah 53127, Indonesia",0813-1955-5545,https://wa.me/6281319555545,https://www.instagram.com/explore/search/keyword/?q=Amara%20Hotel%20Purwokerto,5,20,https://maps.google.com/?cid=7413484974400854650&g_mp=Cidnb29nbGUubWFwcy5wbGFjZXMudjEuUGxhY2VzLlNlYXJjaFRleHQQAhgEIAA
Hotel Artha Tanjung,Hotel,"Jl. Raya Pengasinan No.333, Tanjung, Kec. Purwokerto Sel., Kabupaten Banyumas, Jawa Tengah 53171, Indonesia",(0281) 7771359,https://wa.me/622817771359,https://www.instagram.com/explore/search/keyword/?q=Hotel%20Artha%20Tanjung,4.1,604,https://maps.google.com/?cid=8929863423392496690&g_mp=Cidnb29nbGUubWFwcy5wbGFjZXMudjEuUGxhY2VzLlNlYXJjaFRleHQQAhgEIAA
Rumahtata Homestay,Hotel,"Jl. Gn. Sumbing No.18, RT.3/RW.06, Pakembaran, Bancarkembar, Kec. Purwokerto Utara, Kabupaten Banyumas, Jawa Tengah 53121, Indonesia",0857-8756-7665,https://wa.me/6285787567665,https://www.instagram.com/explore/search/keyword/?q=Rumahtata%20Homestay,4.9,31,https://maps.google.com/?cid=11761991221099524587&g_mp=Cidnb29nbGUubWFwcy5wbGFjZXMudjEuUGxhY2VzLlNlYXJjaFRleHQQAhgEIAA
RedDoorz Syariah near Alun Alun Purwokerto 3,Penginapan / Guest house,"Jl. Raya Pengasinan No.17, Pengasinan, Kedungwringin, Kec. Patikraja, Kabupaten Banyumas, Jawa Tengah 53171, Indonesia",0895-4173-00072,https://wa.me/62895417300072,https://www.instagram.com/explore/search/keyword/?q=RedDoorz%20Syariah%20near%20Alun%20Alun%20Purwokerto%203,4.8,34,https://maps.google.com/?cid=10025660120075553038&g_mp=Cidnb29nbGUubWFwcy5wbGFjZXMudjEuUGxhY2VzLlNlYXJjaFRleHQQAhgEIAA
Bonavida Guesthouse,Penginapan / Guest house,"Jl. Kb. Kapol No.490, Sokayasa, Purwokerto Kidul, Kec. Purwokerto Sel., Kabupaten Banyumas, Jawa Tengah 53147, Indonesia",0822-2686-2255,https://wa.me/6282226862255,https://www.instagram.com/explore/search/keyword/?q=Bonavida%20Guesthouse,4.9,57,https://maps.google.com/?cid=3796271190095500394&g_mp=Cidnb29nbGUubWFwcy5wbGFjZXMudjEuUGxhY2VzLlNlYXJjaFRleHQQAhgEIAA
Rumah penginapan keluarga 4 kamar - Dissa guest house,Penginapan / Guest house,"Jl. Emerald No.E-12, Karangmiri, Sumampir, Kec. Purwokerto Utara, Kabupaten Banyumas, Jawa Tengah 53125, Indonesia",0822-3072-0826,https://wa.me/6282230720826,https://www.instagram.com/explore/search/keyword/?q=Rumah%20penginapan%20keluarga%204%20kamar%20-%20Dissa%20guest%20house,4.8,26,https://maps.google.com/?cid=13592889481443201712&g_mp=Cidnb29nbGUubWFwcy5wbGFjZXMudjEuUGxhY2VzLlNlYXJjaFRleHQQAhgEIAA
44 Guest House Syariah,Penginapan / Guest house,"Jl. Sekolah Teknik No.44, Jatiwinangun, Purwokerto, Kec. Purwokerto Tim., Kabupaten Banyumas, Jawa Tengah 53116, Indonesia",0822-5799-5525,https://wa.me/6282257995525,https://www.instagram.com/explore/search/keyword/?q=44%20Guest%20House%20Syariah,4.9,170,https://maps.google.com/?cid=16385924386441176255&g_mp=Cidnb29nbGUubWFwcy5wbGFjZXMudjEuUGxhY2VzLlNlYXJjaFRleHQQAhgEIAA
Ata Homestay Purwokerto,Penginapan / Guest house,"Perumahan Griya Karang Indah Jl. Gerilya Blok A 17 A, Gandasuli, Tengah, Kec. Purwokerto Sel., Kabupaten Banyumas, Jawa Tengah 53142, Indonesia",0812-2716-368,https://wa.me/628122716368,https://www.instagram.com/explore/search/keyword/?q=Ata%20Homestay%20Purwokerto,4.6,11,https://maps.google.com/?cid=1786947615353774141&g_mp=Cidnb29nbGUubWFwcy5wbGFjZXMudjEuUGxhY2VzLlNlYXJjaFRleHQQAhgEIAA
Araya Guest House,Penginapan / Guest house,"J65P+93Q Wangsa Cluster Kavling 03, Jl. Perintis, Dusun II, Sumampir, Kec. Purwokerto Utara, Kabupaten Banyumas, Jawa Tengah 53151, Indonesia",0853-8530-8954,https://wa.me/6285385308954,https://www.instagram.com/explore/search/keyword/?q=Araya%20Guest%20House,5,16,https://maps.google.com/?cid=655273099468211704&g_mp=Cidnb29nbGUubWFwcy5wbGFjZXMudjEuUGxhY2VzLlNlYXJjaFRleHQQAhgEIAA
Emerald Guest House Purwokerto,Penginapan / Guest house,"Perumahan Zamrud Regency, Jl. Arca Mas, Arcawinangun, Kec. Purwokerto Tim., Kabupaten Banyumas, Jawa Tengah 53113, Indonesia",0821-8866-4343,https://wa.me/6282188664343,https://www.instagram.com/explore/search/keyword/?q=Emerald%20Guest%20House%20Purwokerto,4.4,54,https://maps.google.com/?cid=985408957952223339&g_mp=Cidnb29nbGUubWFwcy5wbGFjZXMudjEuUGxhY2VzLlNlYXJjaFRleHQQAhgEIAA
JB House + Rosalyne Sleepbox Purwokerto,Penginapan / Guest house,"Jl. Jend. Sudirman No.409 B, Brubahan, Purwanegara, Kec. Purwokerto Tim., Kabupaten Banyumas, Jawa Tengah 53116, Indonesia",0811-2756-636,https://wa.me/628112756636,https://www.instagram.com/explore/search/keyword/?q=JB%20House%20%2B%20Rosalyne%20Sleepbox%20Purwokerto,4.7,93,https://maps.google.com/?cid=18193388152318787391&g_mp=Cidnb29nbGUubWFwcy5wbGFjZXMudjEuUGxhY2VzLlNlYXJjaFRleHQQAhgEIAA
Omah Kranji Guest House,Penginapan / Guest house,"Jl. Kranji No.57, Brubahan, Purwanegara, Kec. Purwokerto Utara, Kabupaten Banyumas, Jawa Tengah 53116, Indonesia",0812-8152-621,https://wa.me/628128152621,https://www.instagram.com/explore/search/keyword/?q=Omah%20Kranji%20Guest%20House,4.6,109,https://maps.google.com/?cid=5236117908398930900&g_mp=Cidnb29nbGUubWFwcy5wbGFjZXMudjEuUGxhY2VzLlNlYXJjaFRleHQQAhgEIAA
Hotel O Juan Kostel,Penginapan / Guest house,"Jl. Surya Diwirya No.Kel, Dusun II, Dukuhwaluh, Kec. Kembaran, Kabupaten Banyumas, Jawa Tengah 53182, Indonesia",0804 104 0040,https://wa.me/628041040040,https://www.instagram.com/explore/search/keyword/?q=Hotel%20O%20Juan%20Kostel,,,https://maps.google.com/?cid=17985302899752885436&g_mp=Cidnb29nbGUubWFwcy5wbGFjZXMudjEuUGxhY2VzLlNlYXJjaFRleHQQAhgEIAA
Bintang Homestay Purwokerto,Penginapan / Guest house,"Perumahan kedungwringin Tanjung Blok D27-28, Depan Minimarket SRC Bintang, Kedungwringin, Kec. Patikraja, Kabupaten Banyumas, Jawa Tengah 53171, Indonesia",,,https://www.instagram.com/explore/search/keyword/?q=Bintang%20Homestay%20Purwokerto,5,23,https://maps.google.com/?cid=15467193634504940402&g_mp=Cidnb29nbGUubWFwcy5wbGFjZXMudjEuUGxhY2VzLlNlYXJjaFRleHQQAhgEIAA
Kost Grand Sakinah Syariah Purwokerto,Penginapan / Guest house,"Gg. Golf, Purwokerto Wetan, Kec. Purwokerto Tim., Kabupaten Banyumas, Jawa Tengah 53114, Indonesia",0812-1270-7056,https://wa.me/6281212707056,https://www.instagram.com/explore/search/keyword/?q=Kost%20Grand%20Sakinah%20Syariah%20Purwokerto,4.7,185,https://maps.google.com/?cid=1829152319616539356&g_mp=Cidnb29nbGUubWFwcy5wbGFjZXMudjEuUGxhY2VzLlNlYXJjaFRleHQQAhgEIAA
Surieloka Kost Syariah,Penginapan / Guest house,"Jl. Gelora Indah I, Arcawinangun, Kec. Purwokerto Tim., Kabupaten Banyumas, Jawa Tengah 53113, Indonesia",0898-1066-611,https://wa.me/628981066611,https://www.instagram.com/explore/search/keyword/?q=Surieloka%20Kost%20Syariah,4.3,13,https://maps.google.com/?cid=8930465574162381005&g_mp=Cidnb29nbGUubWFwcy5wbGFjZXMudjEuUGxhY2VzLlNlYXJjaFRleHQQAhgEIAA
HOMESTAY BLESSING PURWOKERTO,Penginapan / Guest house,"Jl. Martadireja 1 No.99 C, Arcawinangun, Kec. Purwokerto Tim., Kabupaten Banyumas, Jawa Tengah 53111, Indonesia",0851-3696-1275,https://wa.me/6285136961275,https://www.instagram.com/explore/search/keyword/?q=HOMESTAY%20BLESSING%20PURWOKERTO,4.4,20,https://maps.google.com/?cid=4403464155941136240&g_mp=Cidnb29nbGUubWFwcy5wbGFjZXMudjEuUGxhY2VzLlNlYXJjaFRleHQQAhgEIAA
Hotel O Juan Kostel 3,Penginapan / Guest house,"H6GQ+8V2, Brubahan, Teluk, Kec. Purwokerto Tim., Kabupaten Banyumas, Jawa Tengah 53143, Indonesia",0804 104 0040,https://wa.me/628041040040,https://www.instagram.com/explore/search/keyword/?q=Hotel%20O%20Juan%20Kostel%203,4.5,2,https://maps.google.com/?cid=7369294802138476634&g_mp=Cidnb29nbGUubWFwcy5wbGFjZXMudjEuUGxhY2VzLlNlYXJjaFRleHQQAhgEIAA
Kenanga Guest House Purwokerto,Penginapan / Guest house,"Perumahan Jl. Sumampir Residence No.02 Blok B1, RT.07, Sumampir Kulon, Sumampir, Kec. Purwokerto Utara, Kabupaten Banyumas, Jawa Tengah 53125, Indonesia",0857-2717-9994,https://wa.me/6285727179994,https://www.instagram.com/explore/search/keyword/?q=Kenanga%20Guest%20House%20Purwokerto,5,105,https://maps.google.com/?cid=5063992518123764269&g_mp=Cidnb29nbGUubWFwcy5wbGFjZXMudjEuUGxhY2VzLlNlYXJjaFRleHQQAhgEIAA
homestay bintang syariah Bancarkembar,Penginapan / Guest house,"Jl. Gn. Gede No.26, Pakembaran, Bancarkembar, Kec. Purwokerto Utara, Kabupaten Banyumas, Jawa Tengah 53121, Indonesia",,,https://www.instagram.com/explore/search/keyword/?q=homestay%20bintang%20syariah%20Bancarkembar,5,2,https://maps.google.com/?cid=15733527041970684785&g_mp=Cidnb29nbGUubWFwcy5wbGFjZXMudjEuUGxhY2VzLlNlYXJjaFRleHQQAhgEIAA
Capital O 93872 Natura Guest House,Penginapan / Guest house,"17, Kepetek, Mersi, Purwokerto Timur, Banyumas Regency, Central Java 53113, Indonesia",0817-788-016,https://wa.me/62817788016,https://www.instagram.com/explore/search/keyword/?q=Capital%20O%2093872%20Natura%20Guest%20House,1.7,6,https://maps.google.com/?cid=12816099886905789351&g_mp=Cidnb29nbGUubWFwcy5wbGFjZXMudjEuUGxhY2VzLlNlYXJjaFRleHQQAhgEIAA
Homestay Griya Karangsuci,Penginapan / Guest house,"Jl. Letjen Pol Soemarto VI, Jl. Gunung Dieng) Karangsuci No.459, Karangjambu, Purwanegara, Kec. Purwokerto Utara, Kabupaten Banyumas, Jawa Tengah 53127, Indonesia",0858-8899-9055,https://wa.me/6285888999055,https://www.instagram.com/explore/search/keyword/?q=Homestay%20Griya%20Karangsuci,4.6,247,https://maps.google.com/?cid=14512769412031481108&g_mp=Cidnb29nbGUubWFwcy5wbGFjZXMudjEuUGxhY2VzLlNlYXJjaFRleHQQAhgEIAA
Emerald guest house type texas,Penginapan / Guest house,"H63C+2V6, Rawadawa, Kedungwringin, Kec. Patikraja, Kabupaten Banyumas, Jawa Tengah 53171, Indonesia",0821-8866-4343,https://wa.me/6282188664343,https://www.instagram.com/explore/search/keyword/?q=Emerald%20guest%20house%20type%20texas,5,21,https://maps.google.com/?cid=693499029616000095&g_mp=Cidnb29nbGUubWFwcy5wbGFjZXMudjEuUGxhY2VzLlNlYXJjaFRleHQQAhgEIAA
Shofia Homestay,Penginapan / Guest house,"Perumahan Puri Permata Blok C7 RT 5 RW 2, Dusun I, Purwosari, Kec. Baturaden, Kabupaten Banyumas, Jawa Tengah 53126, Indonesia",0857-2626-6361,https://wa.me/6285726266361,https://www.instagram.com/explore/search/keyword/?q=Shofia%20Homestay,4.7,14,https://maps.google.com/?cid=6722730117612288338&g_mp=Cidnb29nbGUubWFwcy5wbGFjZXMudjEuUGxhY2VzLlNlYXJjaFRleHQQAhgEIAA
Jasmine Guesthouse by Awan Biru Trip Organizer,Penginapan / Guest house,"Jl. Bumi Arca Indah Blk. Raya No.19A, Arcawinangun, Kec. Purwokerto Tim., Kabupaten Banyumas, Jawa Tengah 53113, Indonesia",0811-2821-979,https://wa.me/628112821979,https://www.instagram.com/explore/search/keyword/?q=Jasmine%20Guesthouse%20by%20Awan%20Biru%20Trip%20Organizer,4.8,6,https://maps.google.com/?cid=13944875693475922582&g_mp=Cidnb29nbGUubWFwcy5wbGFjZXMudjEuUGxhY2VzLlNlYXJjaFRleHQQAhgEIAA
patangpuluh homestay,Penginapan / Guest house,"JL.ROGOJEMBANGAN 40, Pakembaran, Bancarkembar, Kec. Purwokerto Utara, Kabupaten Banyumas, Jawa Tengah 53121, Indonesia",0816-4282-445,https://wa.me/628164282445,https://www.instagram.com/explore/search/keyword/?q=patangpuluh%20homestay,5,9,https://maps.google.com/?cid=14469815714010554757&g_mp=Cidnb29nbGUubWFwcy5wbGFjZXMudjEuUGxhY2VzLlNlYXJjaFRleHQQAhgEIAA
Klinik Utama Astina,Klinik,"Jl. Komisaris Bambang Suprapto No.95, Cigrobak, Purwokerto Lor, Kec. Purwokerto Tim., Kabupaten Banyumas, Jawa Tengah 53111, Indonesia",0813-8903-1414,https://wa.me/6281389031414,https://www.instagram.com/explore/search/keyword/?q=Klinik%20Utama%20Astina,4.9,470,https://maps.google.com/?cid=6375831755321861666&g_mp=Cidnb29nbGUubWFwcy5wbGFjZXMudjEuUGxhY2VzLlNlYXJjaFRleHQQAhgEIAA
Klinik Pratama Dr ROOSDIANA C,Klinik,"Jl. Sokajati No.19, Bantarsoka, Kec. Purwokerto Bar., Kabupaten Banyumas, Jawa Tengah 53133, Indonesia",(0281) 623570,https://wa.me/62281623570,https://www.instagram.com/explore/search/keyword/?q=Klinik%20Pratama%20Dr%20ROOSDIANA%20C,5,121,https://maps.google.com/?cid=12310757234047598388&g_mp=Cidnb29nbGUubWFwcy5wbGFjZXMudjEuUGxhY2VzLlNlYXJjaFRleHQQAhgEIAA
Klinik Utama Rawat Jalan Clinic First,Klinik,"Jl. Prof. M. Yamin No.22, RT.01/RW.04, Karangklesem, Karangpucung, Kec. Purwokerto Sel., Kabupaten Banyumas, Jawa Tengah 53144, Indonesia",0813-9222-2328,https://wa.me/6281392222328,https://www.instagram.com/explore/search/keyword/?q=Klinik%20Utama%20Rawat%20Jalan%20Clinic%20First,5,98,https://maps.google.com/?cid=1488530600559552563&g_mp=Cidnb29nbGUubWFwcy5wbGFjZXMudjEuUGxhY2VzLlNlYXJjaFRleHQQAhgEIAA
KLINIK PRATAMA PAC PURWOKERTO,Klinik,"Jl. Karang Kobar Ruko No.38c, Glempang, Bancarkembar, Kec. Purwokerto Utara, Kabupaten Banyumas, Jawa Tengah 53115, Indonesia",0813-9191-2455,https://wa.me/6281391912455,https://www.instagram.com/explore/search/keyword/?q=KLINIK%20PRATAMA%20PAC%20PURWOKERTO,4.9,34,https://maps.google.com/?cid=7304171364096920617&g_mp=Cidnb29nbGUubWFwcy5wbGFjZXMudjEuUGxhY2VzLlNlYXJjaFRleHQQAhgEIAA
Klinik Pratama Kartika 01,Klinik,"Jl. Prof. Dr. Suharso, Glempang, Bancarkembar, Kec. Purwokerto Utara, Kabupaten Banyumas, Jawa Tengah 53121, Indonesia",,,https://www.instagram.com/explore/search/keyword/?q=Klinik%20Pratama%20Kartika%2001,4.4,48,https://maps.google.com/?cid=18329048036315036456&g_mp=Cidnb29nbGUubWFwcy5wbGFjZXMudjEuUGxhY2VzLlNlYXJjaFRleHQQAhgEIAA
Paramitha Medika,Klinik,"JL Kober, No. 173, Kober, Purwokerto Barat, Kober, Banyumas, Kabupaten Banyumas, Jawa Tengah 53132, Indonesia",(0281) 623745,https://wa.me/62281623745,https://www.instagram.com/explore/search/keyword/?q=Paramitha%20Medika,4.8,50,https://maps.google.com/?cid=13344455168500968515&g_mp=Cidnb29nbGUubWFwcy5wbGFjZXMudjEuUGxhY2VzLlNlYXJjaFRleHQQAhgEIAA
POLIKLINIK BHAYANGKARA,Klinik,"Jl. Merdeka, Brubahan, Purwanegara, Kec. Purwokerto Utara, Kabupaten Banyumas, Jawa Tengah 53116, Indonesia",,,https://www.instagram.com/explore/search/keyword/?q=POLIKLINIK%20BHAYANGKARA,5,5,https://maps.google.com/?cid=14296709579104985084&g_mp=Cidnb29nbGUubWFwcy5wbGFjZXMudjEuUGxhY2VzLlNlYXJjaFRleHQQAhgEIAA
Klinik Omnia,Klinik,"Jl. Jend. Gatot Subroto No.73, Karangjengkol, Purwanegara, Kec. Purwokerto Tim., Kabupaten Banyumas, Jawa Tengah 53116, Indonesia",(0281) 643065,https://wa.me/62281643065,https://www.instagram.com/explore/search/keyword/?q=Klinik%20Omnia,4.3,24,https://maps.google.com/?cid=13930788995037545563&g_mp=Cidnb29nbGUubWFwcy5wbGFjZXMudjEuUGxhY2VzLlNlYXJjaFRleHQQAhgEIAA
Klinik Mediska Purwokerto,Klinik,"Gg. Permata No.1, Brubahan, Kranji, Kec. Purwokerto Tim., Kabupaten Banyumas, Jawa Tengah 53116, Indonesia",,,https://www.instagram.com/explore/search/keyword/?q=Klinik%20Mediska%20Purwokerto,4.4,34,https://maps.google.com/?cid=7028378507008181667&g_mp=Cidnb29nbGUubWFwcy5wbGFjZXMudjEuUGxhY2VzLlNlYXJjaFRleHQQAhgEIAA
Klinik Siloam Medika,Klinik,"Jl. Profesor DR. HR Boenyamin No.80, Pakembaran, Bancarkembar, Kec. Purwokerto Utara, Kabupaten Banyumas, Jawa Tengah 53121, Indonesia",(0281) 625599,https://wa.me/62281625599,https://www.instagram.com/explore/search/keyword/?q=Klinik%20Siloam%20Medika,4.4,19,https://maps.google.com/?cid=11128504392711896367&g_mp=Cidnb29nbGUubWFwcy5wbGFjZXMudjEuUGxhY2VzLlNlYXJjaFRleHQQAhgEIAA
Klinik Pratama TANJUNG,Klinik,"Jl. Pahlawan No.70, Tanjung, Kec. Purwokerto Sel., Kabupaten Banyumas, Jawa Tengah 53144, Indonesia",(0281) 639458,https://wa.me/62281639458,https://www.instagram.com/explore/search/keyword/?q=Klinik%20Pratama%20TANJUNG,2.3,198,https://maps.google.com/?cid=14728095715802421558&g_mp=Cidnb29nbGUubWFwcy5wbGFjZXMudjEuUGxhY2VzLlNlYXJjaFRleHQQAhgEIAA
"Klinik Pratama Ibu dan Anak Kartini (Menerima BPJS, Umum)",Klinik,"Jl. Raga Semangsang No.12, Purwokerto, Sokanegara, Kec. Purwokerto Tim., Kabupaten Banyumas, Jawa Tengah 53115, Indonesia",(0281) 637764,https://wa.me/62281637764,https://www.instagram.com/explore/search/keyword/?q=Klinik%20Pratama%20Ibu%20dan%20Anak%20Kartini%20(Menerima%20BPJS%2C%20Umum),4.5,133,https://maps.google.com/?cid=12210487673156425813&g_mp=Cidnb29nbGUubWFwcy5wbGFjZXMudjEuUGxhY2VzLlNlYXJjaFRleHQQAhgEIAA
KLINIK DR NIKA BANYUMAS,Klinik,"Dekat, Jl. Jatiwinangun, Kebondalem, Purwokerto Lor, Kec. Purwokerto Tim., Kabupaten Banyumas, Jawa Tengah 53114, Indonesia",,,https://www.instagram.com/explore/search/keyword/?q=KLINIK%20DR%20NIKA%20BANYUMAS,,,https://maps.google.com/?cid=6941910659638329594&g_mp=Cidnb29nbGUubWFwcy5wbGFjZXMudjEuUGxhY2VzLlNlYXJjaFRleHQQAhgEIAA
Klinik Pratama Rawat Inap Vira Medika,Klinik,"Jl. Perumnas No.1, RT.5/RW.3, Ledug Lor, Ledug, Kec. Kembaran, Kabupaten Banyumas, Jawa Tengah 53182, Indonesia",(0281) 6571230,https://wa.me/622816571230,https://www.instagram.com/explore/search/keyword/?q=Klinik%20Pratama%20Rawat%20Inap%20Vira%20Medika,3.5,89,https://maps.google.com/?cid=4432795270551441577&g_mp=Cidnb29nbGUubWFwcy5wbGFjZXMudjEuUGxhY2VzLlNlYXJjaFRleHQQAhgEIAA
"Klinik Utama Rawat Inap erde 21 Dr. Daliman, Sp. OG (K)",Klinik,"Jl. Dr. Angka, Karangjengkol, Sokanegara, Kec. Purwokerto Tim., Kabupaten Banyumas, Jawa Tengah 53115, Indonesia",(0281) 621355,https://wa.me/62281621355,https://www.instagram.com/explore/search/keyword/?q=Klinik%20Utama%20Rawat%20Inap%20erde%2021%20Dr.%20Daliman%2C%20Sp.%20OG%20(K),4.4,71,https://maps.google.com/?cid=20319133686488385&g_mp=Cidnb29nbGUubWFwcy5wbGFjZXMudjEuUGxhY2VzLlNlYXJjaFRleHQQAhgEIAA
Laboratorium Klinik CITO Purwokerto,Klinik,"Jl. Pramuka No.208, Samudra, Purwokerto Kidul, Kec. Purwokerto Sel., Kabupaten Banyumas, Jawa Tengah 53147, Indonesia",(0281) 637362,https://wa.me/62281637362,https://www.instagram.com/explore/search/keyword/?q=Laboratorium%20Klinik%20CITO%20Purwokerto,4.8,444,https://maps.google.com/?cid=17932496465531726433&g_mp=Cidnb29nbGUubWFwcy5wbGFjZXMudjEuUGxhY2VzLlNlYXJjaFRleHQQAhgEIAA
Klinik Teluk Sehat,Klinik,"Jl. Mahoni Raya No.199, Karang Malang, Teluk, Kec. Purwokerto Sel., Kabupaten Banyumas, Jawa Tengah 53181, Indonesia",(0281) 630903,https://wa.me/62281630903,https://www.instagram.com/explore/search/keyword/?q=Klinik%20Teluk%20Sehat,4.4,122,https://maps.google.com/?cid=10983411772359272433&g_mp=Cidnb29nbGUubWFwcy5wbGFjZXMudjEuUGxhY2VzLlNlYXJjaFRleHQQAhgEIAA
Klinik Utama Nuraya,Klinik,"Jl. Jend. Sudirman No.807B, Berkoh, Kec. Purwokerto Sel., Kabupaten Banyumas, Jawa Tengah 53146, Indonesia",(0281) 628824,https://wa.me/62281628824,https://www.instagram.com/explore/search/keyword/?q=Klinik%20Utama%20Nuraya,4.2,35,https://maps.google.com/?cid=11158944370652475607&g_mp=Cidnb29nbGUubWFwcy5wbGFjZXMudjEuUGxhY2VzLlNlYXJjaFRleHQQAhgEIAA
Klinik Pratama Sejahtera,Klinik,"J752+6H8, Jl. Sunan Ampel, Pabuwaran, Pabuaran, Kec. Purwokerto Utara, Kabupaten Banyumas, Jawa Tengah 53124, Indonesia",,,https://www.instagram.com/explore/search/keyword/?q=Klinik%20Pratama%20Sejahtera,3.8,5,https://maps.google.com/?cid=4235404357366406587&g_mp=Cidnb29nbGUubWFwcy5wbGFjZXMudjEuUGxhY2VzLlNlYXJjaFRleHQQAhgEIAA
Klinik UMP,Klinik,"Jl. Gatramas Raya No.Kelurahan, Dusun IV, Dukuhwaluh, Kec. Kembaran, Kabupaten Banyumas, Jawa Tengah 53182, Indonesia",0857-1390-9946,https://wa.me/6285713909946,https://www.instagram.com/explore/search/keyword/?q=Klinik%20UMP,2.9,255,https://maps.google.com/?cid=14659760062187091935&g_mp=Cidnb29nbGUubWFwcy5wbGFjZXMudjEuUGxhY2VzLlNlYXJjaFRleHQQAhgEIAA
PMI,Klinik,"Jl. Kalibener Jl. Kalibener Gg. I No.15, Tipar, Kranji, Kec. Purwokerto Tim., Kabupaten Banyumas, Jawa Tengah 53116, Indonesia",(0281) 6574641,https://wa.me/622816574641,https://www.instagram.com/explore/search/keyword/?q=PMI,4.3,134,https://maps.google.com/?cid=14352094740106541818&g_mp=Cidnb29nbGUubWFwcy5wbGFjZXMudjEuUGxhY2VzLlNlYXJjaFRleHQQAhgEIAA
Naavagreen Natural Skin Care Purwokerto,Klinik,"Ruko Nusantara. 5 Jl. Jenderal Sudirman No. 536 Purwokerto Kulon Purwokerto Selatan, Tipar, Purwanegara, Kec. Purwokerto Tim., Kabupaten Banyumas, Jawa Tengah 53141, Indonesia",0811-2572-945,https://wa.me/628112572945,https://www.instagram.com/explore/search/keyword/?q=Naavagreen%20Natural%20Skin%20Care%20Purwokerto,4.9,1410,https://maps.google.com/?cid=2473321659826766750&g_mp=Cidnb29nbGUubWFwcy5wbGFjZXMudjEuUGxhY2VzLlNlYXJjaFRleHQQAhgEIAA
Klinik Pratama Rawat Jalan dan Apotek Anugrah Berkoh,Klinik,"Jl. Jend Sudirman Timur No. 79, Kebontebu, Berkoh, Kec. Purwokerto Sel., Purwokerto, Jawa Tengah 53146, Indonesia",,,https://www.instagram.com/explore/search/keyword/?q=Klinik%20Pratama%20Rawat%20Jalan%20dan%20Apotek%20Anugrah%20Berkoh,3.9,9,https://maps.google.com/?cid=8211793285672452037&g_mp=Cidnb29nbGUubWFwcy5wbGFjZXMudjEuUGxhY2VzLlNlYXJjaFRleHQQAhgEIAA
Klinik Pratama Yos Sudarso Teluk,Klinik,"H723+9GF, Jl. Perumnas, Kalibiru, Teluk, Kec. Purwokerto Sel., Kabupaten Banyumas, Jawa Tengah 53145, Indonesia",(0281) 622458,https://wa.me/62281622458,https://www.instagram.com/explore/search/keyword/?q=Klinik%20Pratama%20Yos%20Sudarso%20Teluk,3.8,108,https://maps.google.com/?cid=6398492419374429520&g_mp=Cidnb29nbGUubWFwcy5wbGFjZXMudjEuUGxhY2VzLlNlYXJjaFRleHQQAhgEIAA
Etika Aesthetic Clinic,Klinik,"Jl. Brigjend. Encung No.3, Karangjambu, Purwanegara, Kec. Purwokerto Utara, Kabupaten Banyumas, Jawa Tengah 53127, Indonesia",0812-1514-4214,https://wa.me/6281215144214,https://www.instagram.com/explore/search/keyword/?q=Etika%20Aesthetic%20Clinic,5,681,https://maps.google.com/?cid=17175550621282847328&g_mp=Cidnb29nbGUubWFwcy5wbGFjZXMudjEuUGxhY2VzLlNlYXJjaFRleHQQAhgEIAA
Fasilitas Pelayanan Kesehatan Mafaza Purwokerto,Klinik,"Jl. H. Madrani No.1, Brubahan, Grendeng, Kec. Purwokerto Utara, Kabupaten Banyumas, Jawa Tengah 53122, Indonesia",0813-2923-8181,https://wa.me/6281329238181,https://www.instagram.com/explore/search/keyword/?q=Fasilitas%20Pelayanan%20Kesehatan%20Mafaza%20Purwokerto,4,37,https://maps.google.com/?cid=3008935875276501578&g_mp=Cidnb29nbGUubWFwcy5wbGFjZXMudjEuUGxhY2VzLlNlYXJjaFRleHQQAhgEIAA
klinik kuret purwokerto dr Nikmah dan sedia obat,Klinik,"Jl. Merdeka No.1, Brubahan, Purwanegara, Kec. Purwokerto Utara, Kabupaten Banyumas, Jawa Tengah 53116, Indonesia",0877-6792-2557,https://wa.me/6287767922557,https://www.instagram.com/explore/search/keyword/?q=klinik%20kuret%20purwokerto%20dr%20Nikmah%20dan%20sedia%20obat,,,https://maps.google.com/?cid=12169101300414056812&g_mp=Cidnb29nbGUubWFwcy5wbGFjZXMudjEuUGxhY2VzLlNlYXJjaFRleHQQAhgEIAA
Klinik Utama Bina Estetika Nugraha,Klinik,"Glempang, Bancarkembar, Kec. Purwokerto Utara, Kabupaten Banyumas, Jawa Tengah 53121, Indonesia",0852-9270-3527,https://wa.me/6285292703527,https://www.instagram.com/explore/search/keyword/?q=Klinik%20Utama%20Bina%20Estetika%20Nugraha,4.3,103,https://maps.google.com/?cid=5216766682884747535&g_mp=Cidnb29nbGUubWFwcy5wbGFjZXMudjEuUGxhY2VzLlNlYXJjaFRleHQQAhgEIAA
Laboratorium dan Klinik Omnia,Klinik,"Jl. Jend. Gatot Subroto No.39, Karangjengkol, Sokanegara, Kec. Purwokerto Tim., Kabupaten Banyumas, Jawa Tengah 53115, Indonesia",(0281) 643065,https://wa.me/62281643065,https://www.instagram.com/explore/search/keyword/?q=Laboratorium%20dan%20Klinik%20Omnia,3.5,53,https://maps.google.com/?cid=8305725615537834281&g_mp=Cidnb29nbGUubWFwcy5wbGFjZXMudjEuUGxhY2VzLlNlYXJjaFRleHQQAhgEIAA
Caella Aesthetic & Anti Aging Clinic,Klinik,"Jl. Prof. Dr. Suharso, RT.001/RW.001, Arcawinangun, Purwokerto Lor, Kec. Purwokerto Tim., Kabupaten Banyumas, Jawa Tengah 53113, Indonesia",0823-2208-7968,https://wa.me/6282322087968,https://www.instagram.com/explore/search/keyword/?q=Caella%20Aesthetic%20%26%20Anti%20Aging%20Clinic,5,616,https://maps.google.com/?cid=4803953679888650633&g_mp=Cidnb29nbGUubWFwcy5wbGFjZXMudjEuUGxhY2VzLlNlYXJjaFRleHQQAhgEIAA
Apotek Samudra Farma,Apotek,"Jl. Prof. M. Yamin, RT.04/RW.03, Windusara, Karangklesem, Kec. Purwokerto Sel., Kabupaten Banyumas, Jawa Tengah 53144, Indonesia",0812-2908-8351,https://wa.me/6281229088351,https://www.instagram.com/explore/search/keyword/?q=Apotek%20Samudra%20Farma,4.9,202,https://maps.google.com/?cid=4714132322853875614&g_mp=Cidnb29nbGUubWFwcy5wbGFjZXMudjEuUGxhY2VzLlNlYXJjaFRleHQQAhgEIAA
Apotek Devina Farma,Apotek,"Jl. Mardikenya, Brubahan, Kranji, Kec. Purwokerto Tim., Kabupaten Banyumas, Jawa Tengah 53116, Indonesia",0857-4098-1017,https://wa.me/6285740981017,https://www.instagram.com/explore/search/keyword/?q=Apotek%20Devina%20Farma,4.8,19,https://maps.google.com/?cid=3387907548872211898&g_mp=Cidnb29nbGUubWFwcy5wbGFjZXMudjEuUGxhY2VzLlNlYXJjaFRleHQQAhgEIAA
Agen Varash Purwokerto,Apotek,"J7J5+3CX, Dusun II, Banteran, Kec. Sumbang, Kabupaten Banyumas, Jawa Tengah 53183, Indonesia",0852-5511-0110,https://wa.me/6285255110110,https://www.instagram.com/explore/search/keyword/?q=Agen%20Varash%20Purwokerto,5,2,https://maps.google.com/?cid=16068108972260074360&g_mp=Cidnb29nbGUubWFwcy5wbGFjZXMudjEuUGxhY2VzLlNlYXJjaFRleHQQAhgEIAA
Agen Halal Mart HPAI Purwokerto Utara,Apotek,"J7J5+2G7, Dusun II, Banteran, Kec. Sumbang, Kabupaten Banyumas, Jawa Tengah 53183, Indonesia",0852-5511-0110,https://wa.me/6285255110110,https://www.instagram.com/explore/search/keyword/?q=Agen%20Halal%20Mart%20HPAI%20Purwokerto%20Utara,3.5,2,https://maps.google.com/?cid=5958336408641864139&g_mp=Cidnb29nbGUubWFwcy5wbGFjZXMudjEuUGxhY2VzLlNlYXJjaFRleHQQAhgEIAA
Apotek Karya Sehat Purwokerto,Apotek,"Jl. Jend. Sudirman No.07, Pesuruhan, Berkoh, Kec. Purwokerto Sel., Kabupaten Banyumas, Jawa Tengah 53146, Indonesia",,,https://www.instagram.com/explore/search/keyword/?q=Apotek%20Karya%20Sehat%20Purwokerto,4.4,163,https://maps.google.com/?cid=10536952442160219840&g_mp=Cidnb29nbGUubWFwcy5wbGFjZXMudjEuUGxhY2VzLlNlYXJjaFRleHQQAhgEIAA
Agen Kopi Bongkarr Purwokerto,Apotek,"APOTEK K-24, Jl. Pemuda No.27, Kober, Kec. Purwokerto Bar., Kabupaten Banyumas, Jawa Tengah 53132, Indonesia",0878-8805-5061,https://wa.me/6287888055061,https://www.instagram.com/explore/search/keyword/?q=Agen%20Kopi%20Bongkarr%20Purwokerto,,,https://maps.google.com/?cid=2563641034779051324&g_mp=Cidnb29nbGUubWFwcy5wbGFjZXMudjEuUGxhY2VzLlNlYXJjaFRleHQQAhgEIAA
Apotek Mega Sehat Purwokerto,Apotek,"H7J3+W4G, Jl. Prof. Dr. Suharso, Arcawinangun, Kec. Purwokerto Tim., Kabupaten Banyumas, Jawa Tengah 53113, Indonesia",0813-3030-070,https://wa.me/628133030070,https://www.instagram.com/explore/search/keyword/?q=Apotek%20Mega%20Sehat%20Purwokerto,5,10,https://maps.google.com/?cid=4923848037717792339&g_mp=Cidnb29nbGUubWFwcy5wbGFjZXMudjEuUGxhY2VzLlNlYXJjaFRleHQQAhgEIAA
Apotek Arif,Apotek,"Jl. Gn. Sumbing No.28, Pabuwaran, Pabuaran, Kec. Purwokerto Utara, Kabupaten Banyumas, Jawa Tengah 53124, Indonesia",,,https://www.instagram.com/explore/search/keyword/?q=Apotek%20Arif,5,4,https://maps.google.com/?cid=9121919293727135366&g_mp=Cidnb29nbGUubWFwcy5wbGFjZXMudjEuUGxhY2VzLlNlYXJjaFRleHQQAhgEIAA
Apotek Arif,Apotek,"Jl. Raya Baturaden No.245, Karang Blimbing, Pabuaran, Kec. Purwokerto Utara, Kabupaten Banyumas, Jawa Tengah 53124, Indonesia",,,https://www.instagram.com/explore/search/keyword/?q=Apotek%20Arif,5,2,https://maps.google.com/?cid=2772035508152968375&g_mp=Cidnb29nbGUubWFwcy5wbGFjZXMudjEuUGxhY2VzLlNlYXJjaFRleHQQAhgEIAA
Sumber Waras,Apotek,"Jl. Jend. Soedirman No.245b, Pereng, Sokanegara, Kec. Purwokerto Tim., Kabupaten Banyumas, Jawa Tengah 53115, Indonesia",(0281) 636267,https://wa.me/62281636267,https://www.instagram.com/explore/search/keyword/?q=Sumber%20Waras,4,2,https://maps.google.com/?cid=1283880911645955115&g_mp=Cidnb29nbGUubWFwcy5wbGFjZXMudjEuUGxhY2VzLlNlYXJjaFRleHQQAhgEIAA
Wahana Logistik Sawangan,Apotek,"Jl. Mayjend. Sutoyo No.45, Sawangan, Kedungwuluh, Kec. Purwokerto Bar., Kabupaten Banyumas, Jawa Tengah 53131, Indonesia",0822-2115-1671,https://wa.me/6282221151671,https://www.instagram.com/explore/search/keyword/?q=Wahana%20Logistik%20Sawangan,4.6,5,https://maps.google.com/?cid=921270854152166384&g_mp=Cidnb29nbGUubWFwcy5wbGFjZXMudjEuUGxhY2VzLlNlYXJjaFRleHQQAhgEIAA
APOTEK PURWANEGARA,Apotek,"H6RP+QCX, Jl. Brigjend. Encung, Karangjambu, Purwanegara, Kec. Purwokerto Utara, Kabupaten Banyumas, Jawa Tengah 53127, Indonesia",,,https://www.instagram.com/explore/search/keyword/?q=APOTEK%20PURWANEGARA,5,7,https://maps.google.com/?cid=10528754168326555842&g_mp=Cidnb29nbGUubWFwcy5wbGFjZXMudjEuUGxhY2VzLlNlYXJjaFRleHQQAhgEIAA
Apotek Banaran,Apotek,"H6H4+GG6, Jl. Achmad Zein, Dusun I, Pasir Kidul, Kec. Purwokerto Bar., Kabupaten Banyumas, Jawa Tengah 53135, Indonesia",,,https://www.instagram.com/explore/search/keyword/?q=Apotek%20Banaran,3.7,6,https://maps.google.com/?cid=4197272792777493631&g_mp=Cidnb29nbGUubWFwcy5wbGFjZXMudjEuUGxhY2VzLlNlYXJjaFRleHQQAhgEIAA
Apotek RS Geriarti,Apotek,"Jl. Dr. Angka No.1, Karangjengkol, Sokanegara, Kec. Purwokerto Tim., Kabupaten Banyumas, Jawa Tengah 53115, Indonesia",,,https://www.instagram.com/explore/search/keyword/?q=Apotek%20RS%20Geriarti,4.3,4,https://maps.google.com/?cid=1036377599566891563&g_mp=Cidnb29nbGUubWFwcy5wbGFjZXMudjEuUGxhY2VzLlNlYXJjaFRleHQQAhgEIAA
Apotek Prima Farma,Apotek,"Jl. Overste Isdiman No.6, Jatiwinangun, Purwokerto Lor, Kec. Purwokerto Tim., Kabupaten Banyumas, Jawa Tengah 53114, Indonesia",(0281) 640377,https://wa.me/62281640377,https://www.instagram.com/explore/search/keyword/?q=Apotek%20Prima%20Farma,4.7,118,https://maps.google.com/?cid=2691065131021972785&g_mp=Cidnb29nbGUubWFwcy5wbGFjZXMudjEuUGxhY2VzLlNlYXJjaFRleHQQAhgEIAA
Apotek Pendidikan UHB,Apotek,"Jl. KH. Wahid Hasyim No.273, Windusara, Karangklesem, Kec. Purwokerto Sel., Kabupaten Banyumas, Jawa Tengah 53144, Indonesia",,,https://www.instagram.com/explore/search/keyword/?q=Apotek%20Pendidikan%20UHB,5,1,https://maps.google.com/?cid=13663275979027576980&g_mp=Cidnb29nbGUubWFwcy5wbGFjZXMudjEuUGxhY2VzLlNlYXJjaFRleHQQAhgEIAA
Apotek Samping Masjid Al Ihya,Apotek,"Jl. Raya Baturaden No.192, Pabuwaran, Pabuaran, Kec. Purwokerto Utara, Kabupaten Banyumas, Jawa Tengah 53124, Indonesia",,,https://www.instagram.com/explore/search/keyword/?q=Apotek%20Samping%20Masjid%20Al%20Ihya,5,1,https://maps.google.com/?cid=7714788707806853441&g_mp=Cidnb29nbGUubWFwcy5wbGFjZXMudjEuUGxhY2VzLlNlYXJjaFRleHQQAhgEIAA
Slamet Apotik,Apotek,"JL. Letjen Jl. S. Parman No.1, RT.002/RW.04, Karangbawang, Purwokerto Kulon, Kec. Purwokerto Sel., Kabupaten Banyumas, Jawa Tengah 53141, Indonesia",(0281) 631401,https://wa.me/62281631401,https://www.instagram.com/explore/search/keyword/?q=Slamet%20Apotik,4,3,https://maps.google.com/?cid=1120637757679744200&g_mp=Cidnb29nbGUubWFwcy5wbGFjZXMudjEuUGxhY2VzLlNlYXJjaFRleHQQAhgEIAA
"Apotek ""Az-Zahra""",Apotek,"H6RJ+38R, Gg. V, Karanganjing, Purwanegara, Kec. Purwokerto Utara, Kabupaten Banyumas, Jawa Tengah 53127, Indonesia",0822-4245-7099,https://wa.me/6282242457099,https://www.instagram.com/explore/search/keyword/?q=Apotek%20%22Az-Zahra%22,2.6,8,https://maps.google.com/?cid=8523412080180676322&g_mp=Cidnb29nbGUubWFwcy5wbGFjZXMudjEuUGxhY2VzLlNlYXJjaFRleHQQAhgEIAA
Apotek Kampus,Apotek,"Jl. Kampus No.51, Brubahan, Grendeng, Kec. Purwokerto Utara, Kabupaten Banyumas, Jawa Tengah 53122, Indonesia",0851-3373-0564,https://wa.me/6285133730564,https://www.instagram.com/explore/search/keyword/?q=Apotek%20Kampus,4.6,38,https://maps.google.com/?cid=6685124402306282522&g_mp=Cidnb29nbGUubWFwcy5wbGFjZXMudjEuUGxhY2VzLlNlYXJjaFRleHQQAhgEIAA
Apotek Jayanti,Apotek,"Jalan Jenderal Sudirman No. 64 Purwokerto Kulon, Berkoh, Kec. Purwokerto Sel., Kabupaten Banyumas, Jawa Tengah 53141, Indonesia",(0281) 634041,https://wa.me/62281634041,https://www.instagram.com/explore/search/keyword/?q=Apotek%20Jayanti,4.1,76,https://maps.google.com/?cid=4809252043541236828&g_mp=Cidnb29nbGUubWFwcy5wbGFjZXMudjEuUGxhY2VzLlNlYXJjaFRleHQQAhgEIAA
Apotik Farrel Farma,Apotek,"JL Pramuka No 264 RT 01/II, Sudagaran, Samudra, Purwokerto Kidul, Banyumas, Kabupaten Banyumas, Jawa Tengah 53147, Indonesia",(0281) 796196,https://wa.me/62281796196,https://www.instagram.com/explore/search/keyword/?q=Apotik%20Farrel%20Farma,4.7,3,https://maps.google.com/?cid=16355552527190255635&g_mp=Cidnb29nbGUubWFwcy5wbGFjZXMudjEuUGxhY2VzLlNlYXJjaFRleHQQAhgEIAA
"""Apotek Dunia Medika""",Apotek,"J63F+R97, Jl. Paduraksa, Dusun I, Beji, Kec. Kedungbanteng, Kabupaten Banyumas, Jawa Tengah 53152, Indonesia",,,https://www.instagram.com/explore/search/keyword/?q=%22Apotek%20Dunia%20Medika%22,5,1,https://maps.google.com/?cid=8749918426535511254&g_mp=Cidnb29nbGUubWFwcy5wbGFjZXMudjEuUGxhY2VzLlNlYXJjaFRleHQQAhgEIAA
Apotek Buaran,Apotek,"Jl. Sunan Ampel No.31, Pabuwaran, Pabuaran, Kec. Purwokerto Utara, Kabupaten Banyumas, Jawa Tengah 53124, Indonesia",(0281) 622520,https://wa.me/62281622520,https://www.instagram.com/explore/search/keyword/?q=Apotek%20Buaran,4.8,36,https://maps.google.com/?cid=17734928715826639263&g_mp=Cidnb29nbGUubWFwcy5wbGFjZXMudjEuUGxhY2VzLlNlYXJjaFRleHQQAhgEIAA
Apotik Gayatri,Apotek,"Jl. Pancurawis No.86, Pancurawis, Purwokerto Kidul, Kec. Purwokerto Sel., Kabupaten Banyumas, Jawa Tengah 53147, Indonesia",,,https://www.instagram.com/explore/search/keyword/?q=Apotik%20Gayatri,5,1,https://maps.google.com/?cid=15514303267581035005&g_mp=Cidnb29nbGUubWFwcy5wbGFjZXMudjEuUGxhY2VzLlNlYXJjaFRleHQQAhgEIAA
Apotik Margo Waras,Apotek,"Jl. Prof. M. Yamin No.04, Karangklesem, Karangpucung, Kec. Purwokerto Sel., Kabupaten Banyumas, Jawa Tengah 53144, Indonesia",0812-8045-1189,https://wa.me/6281280451189,https://www.instagram.com/explore/search/keyword/?q=Apotik%20Margo%20Waras,4.4,5,https://maps.google.com/?cid=16095976833643005258&g_mp=Cidnb29nbGUubWFwcy5wbGFjZXMudjEuUGxhY2VzLlNlYXJjaFRleHQQAhgEIAA
Apotek Kimia Farma Fajar Sehat,Apotek,"Jl. RA Wiryaatmaja No.37, Pesayangan, Kedungwuluh, Kec. Purwokerto Bar., Kabupaten Banyumas, Jawa Tengah 53131, Indonesia",0811-1067-8296,https://wa.me/6281110678296,https://www.instagram.com/explore/search/keyword/?q=Apotek%20Kimia%20Farma%20Fajar%20Sehat,4.2,124,https://maps.google.com/?cid=17901668517052143510&g_mp=Cidnb29nbGUubWFwcy5wbGFjZXMudjEuUGxhY2VzLlNlYXJjaFRleHQQAhgEIAA
Melilea,Apotek,"H63Q+699, Jl. Kh. Agus Salim, Windusara, Karangklesem, Kec. Purwokerto Sel., Kabupaten Banyumas, Jawa Tengah 53144, Indonesia",0813-2680-5058,https://wa.me/6281326805058,https://www.instagram.com/explore/search/keyword/?q=Melilea,2,1,https://maps.google.com/?cid=14042350319231489841&g_mp=Cidnb29nbGUubWFwcy5wbGFjZXMudjEuUGxhY2VzLlNlYXJjaFRleHQQAhgEIAA
Apotek Arca,Apotek,"Estate, Jl. Perum Arcawinangun, RT.004/RW.010, Arcawinangun, Kec. Purwokerto Tim., Kabupaten Banyumas, Jawa Tengah 53113, Indonesia",0851-8668-0011,https://wa.me/6285186680011,https://www.instagram.com/explore/search/keyword/?q=Apotek%20Arca,5,4,https://maps.google.com/?cid=10438590175595476488&g_mp=Cidnb29nbGUubWFwcy5wbGFjZXMudjEuUGxhY2VzLlNlYXJjaFRleHQQAhgEIAA
Apotek Kartika,Apotek,"Jl. Perintis Kemerdekaan, Penisian, Purwokerto Kulon, Kec. Purwokerto Sel., Kabupaten Banyumas, Jawa Tengah 53141, Indonesia",0822-1991-9968,https://wa.me/6282219919968,https://www.instagram.com/explore/search/keyword/?q=Apotek%20Kartika,4.6,34,https://maps.google.com/?cid=15351392601128672873&g_mp=Cidnb29nbGUubWFwcy5wbGFjZXMudjEuUGxhY2VzLlNlYXJjaFRleHQQAhgEIAA
Apotek AB Farma,Apotek,"Jl. Riyanto No.80, RT.01/RW.02, Sumampir Kulon, Sumampir, Kec. Purwokerto Utara, Kabupaten Banyumas, Jawa Tengah 53125, Indonesia",0877-2249-5367,https://wa.me/6287722495367,https://www.instagram.com/explore/search/keyword/?q=Apotek%20AB%20Farma,5,9,https://maps.google.com/?cid=6903406432653052656&g_mp=Cidnb29nbGUubWFwcy5wbGFjZXMudjEuUGxhY2VzLlNlYXJjaFRleHQQAhgEIAA
Apotek Permata Bunda,Apotek,"Jl. Pramuka No.218, Sodagaran, Purwokerto Kidul, Kec. Purwokerto Sel., Kabupaten Banyumas, Jawa Tengah 53147, Indonesia",,,https://www.instagram.com/explore/search/keyword/?q=Apotek%20Permata%20Bunda,,,https://maps.google.com/?cid=1118056706049099643&g_mp=Cidnb29nbGUubWFwcy5wbGFjZXMudjEuUGxhY2VzLlNlYXJjaFRleHQQAhgEIAA
APOTEK KOBER,Apotek,"Jl. Kober Barat No.145, Kober, Kec. Purwokerto Bar., Kabupaten Banyumas, Jawa Tengah 53132, Indonesia",0813-9113-0242,https://wa.me/6281391130242,https://www.instagram.com/explore/search/keyword/?q=APOTEK%20KOBER,4.9,34,https://maps.google.com/?cid=11998873947910701839&g_mp=Cidnb29nbGUubWFwcy5wbGFjZXMudjEuUGxhY2VzLlNlYXJjaFRleHQQAhgEIAA
Apotek Siaga 21,Apotek,"Jl. KS. Tubun No.98B, RT.05/RW.06, Kober, Kec. Purwokerto Bar., Kabupaten Banyumas, Jawa Tengah 53133, Indonesia",0812-1562-4024,https://wa.me/6281215624024,https://www.instagram.com/explore/search/keyword/?q=Apotek%20Siaga%2021,4.7,61,https://maps.google.com/?cid=9996693556883677840&g_mp=Cidnb29nbGUubWFwcy5wbGFjZXMudjEuUGxhY2VzLlNlYXJjaFRleHQQAhgEIAA
Madu Asli Purwokerto,Apotek,"Griya Satria, Blk. VC No.5, RT.06/RW.10, Bantarsoka, Kec. Purwokerto Bar., Kabupaten Banyumas, Jawa Tengah 53133, Indonesia",0852-9105-4897,https://wa.me/6285291054897,https://www.instagram.com/explore/search/keyword/?q=Madu%20Asli%20Purwokerto,4.7,3,https://maps.google.com/?cid=1780192577478990564&g_mp=Cidnb29nbGUubWFwcy5wbGFjZXMudjEuUGxhY2VzLlNlYXJjaFRleHQQAhgEIAA
PT. Asiasejahtera Perdana Pharmaceutical Purwokerto,Apotek,"Jl. Dr. Angka No.59, Sitapen, Purwanegara, Kec. Purwokerto Tim., Kabupaten Banyumas, Jawa Tengah 53115, Indonesia",(0281) 637705,https://wa.me/62281637705,https://www.instagram.com/explore/search/keyword/?q=PT.%20Asiasejahtera%20Perdana%20Pharmaceutical%20Purwokerto,4,1,https://maps.google.com/?cid=1899009674358049587&g_mp=Cidnb29nbGUubWFwcy5wbGFjZXMudjEuUGxhY2VzLlNlYXJjaFRleHQQAhgEIAA
Apotek Citra Sehat,Apotek,"Jl. KS. Tubun No.41, Rejasari, Kec. Purwokerto Bar., Kabupaten Banyumas, Jawa Tengah 53132, Indonesia",0812-1566-2911,https://wa.me/6281215662911,https://www.instagram.com/explore/search/keyword/?q=Apotek%20Citra%20Sehat,4.8,94,https://maps.google.com/?cid=18327984136774691353&g_mp=Cidnb29nbGUubWFwcy5wbGFjZXMudjEuUGxhY2VzLlNlYXJjaFRleHQQAhgEIAA
Apotek Sanitas,Apotek,"Jl. Jend. Sudirman No.798, Pertabatan, Purwokerto Wetan, Kec. Purwokerto Tim., Kabupaten Banyumas, Jawa Tengah 53147, Indonesia",(0281) 624568,https://wa.me/62281624568,https://www.instagram.com/explore/search/keyword/?q=Apotek%20Sanitas,3.9,21,https://maps.google.com/?cid=18365178642143731911&g_mp=Cidnb29nbGUubWFwcy5wbGFjZXMudjEuUGxhY2VzLlNlYXJjaFRleHQQAhgEIAA
Aurora Apotek,Apotek,"Jl. Dr. Angka No.25, Karangjengkol, Sokanegara, Kec. Purwokerto Tim., Kabupaten Banyumas, Jawa Tengah 53115, Indonesia",(0281) 637605,https://wa.me/62281637605,https://www.instagram.com/explore/search/keyword/?q=Aurora%20Apotek,3.8,32,https://maps.google.com/?cid=9084156218427884645&g_mp=Cidnb29nbGUubWFwcy5wbGFjZXMudjEuUGxhY2VzLlNlYXJjaFRleHQQAhgEIAA
Denta Medica,Dokter gigi,"Jl. B K R No.14, Pesayangan, Kedungwuluh, Kec. Purwokerto Bar., Kabupaten Banyumas, Jawa Tengah 53131, Indonesia",0896-9609-2475,https://wa.me/6289696092475,https://www.instagram.com/explore/search/keyword/?q=Denta%20Medica,4.9,180,https://maps.google.com/?cid=13144498665186541415&g_mp=Cidnb29nbGUubWFwcy5wbGFjZXMudjEuUGxhY2VzLlNlYXJjaFRleHQQAhgEIAA
Doktri Dental Care PWT,Dokter gigi,"Jl. Prof. Dr. Suharso, Mangunjaya, Purwokerto Lor, Kec. Purwokerto Tim., Kabupaten Banyumas, Jawa Tengah 53114, Indonesia",0856-0160-7844,https://wa.me/6285601607844,https://www.instagram.com/explore/search/keyword/?q=Doktri%20Dental%20Care%20PWT,4.9,194,https://maps.google.com/?cid=10748804886369173724&g_mp=Cidnb29nbGUubWFwcy5wbGFjZXMudjEuUGxhY2VzLlNlYXJjaFRleHQQAhgEIAA
Harra Dental Care – Spesialis Konservasi Gigi Purwokerto,Dokter gigi,"Perum Estate CD 1 No.02, Arcawinangun, Kec. Purwokerto Tim., Kabupaten Banyumas, Jawa Tengah 53123, Indonesia",0812-2998-6161,https://wa.me/6281229986161,https://www.instagram.com/explore/search/keyword/?q=Harra%20Dental%20Care%20%E2%80%93%20Spesialis%20Konservasi%20Gigi%20Purwokerto,4.9,61,https://maps.google.com/?cid=12724830056198348248&g_mp=Cidnb29nbGUubWFwcy5wbGFjZXMudjEuUGxhY2VzLlNlYXJjaFRleHQQAhgEIAA
"drg.Ully / drg.Daniel, Sp.Pros",Dokter gigi,"Jl. Overste Isdiman No.25, Jatiwinangun, Purwokerto Lor, Kec. Purwokerto Tim., Kabupaten Banyumas, Jawa Tengah 53114, Indonesia",0816-4285-105,https://wa.me/628164285105,https://www.instagram.com/explore/search/keyword/?q=drg.Ully%20%2F%20drg.Daniel%2C%20Sp.Pros,4.5,69,https://maps.google.com/?cid=9094765312859573888&g_mp=Cidnb29nbGUubWFwcy5wbGFjZXMudjEuUGxhY2VzLlNlYXJjaFRleHQQAhgEIAA
Dentino Kids & Family Dental Clinic,Dokter gigi,"Ruko, ruko permata hijau, Permata Hijau Raya, Glempang, Bancarkembar, Kec. Purwokerto Utara, Kabupaten Banyumas, Jawa Tengah 53115, Indonesia",0815-9191-491,https://wa.me/628159191491,https://www.instagram.com/explore/search/keyword/?q=Dentino%20Kids%20%26%20Family%20Dental%20Clinic,4.9,74,https://maps.google.com/?cid=11358056732797053561&g_mp=Cidnb29nbGUubWFwcy5wbGFjZXMudjEuUGxhY2VzLlNlYXJjaFRleHQQAhgEIAA
"Dokter gigi ""dokter ndeso""",Dokter gigi,"RT.1/RW.1, Dusun I Lemberang, Lemberang, Kec. Sokaraja, Kabupaten Banyumas, Jawa Tengah 53181, Indonesia",0859-5946-3344,https://wa.me/6285959463344,https://www.instagram.com/explore/search/keyword/?q=Dokter%20gigi%20%22dokter%20ndeso%22,4.9,369,https://maps.google.com/?cid=7405485459064012067&g_mp=Cidnb29nbGUubWFwcy5wbGFjZXMudjEuUGxhY2VzLlNlYXJjaFRleHQQAhgEIAA
"drg. Murniati, Sp. Ort",Dokter gigi,"Jl. Pramuka No.154, Sodagaran, Purwokerto Kulon, Kec. Purwokerto Sel., Kabupaten Banyumas, Jawa Tengah 53141, Indonesia",,,https://www.instagram.com/explore/search/keyword/?q=drg.%20Murniati%2C%20Sp.%20Ort,4.8,137,https://maps.google.com/?cid=91955940860778791&g_mp=Cidnb29nbGUubWFwcy5wbGFjZXMudjEuUGxhY2VzLlNlYXJjaFRleHQQAhgEIAA
drg Linna A S,Dokter gigi,"Jl. Raya Gn. Tugel, Pringgede, Karangklesem, Kec. Purwokerto Sel., Kabupaten Banyumas, Jawa Tengah 53144, Indonesia",0821-3577-6502,https://wa.me/6282135776502,https://www.instagram.com/explore/search/keyword/?q=drg%20Linna%20A%20S,5,86,https://maps.google.com/?cid=8546995853207041594&g_mp=Cidnb29nbGUubWFwcy5wbGFjZXMudjEuUGxhY2VzLlNlYXJjaFRleHQQAhgEIAA
Voni Dental Clinic - Klinik Gigi Purwokerto,Dokter gigi,"Jl. Martadireja II No.51, Kepetek, Mersi, Kec. Purwokerto Tim., Kabupaten Banyumas, Jawa Tengah 53111, Indonesia",0896-7656-9244,https://wa.me/6289676569244,https://www.instagram.com/explore/search/keyword/?q=Voni%20Dental%20Clinic%20-%20Klinik%20Gigi%20Purwokerto,4.7,47,https://maps.google.com/?cid=4903895907869478424&g_mp=Cidnb29nbGUubWFwcy5wbGFjZXMudjEuUGxhY2VzLlNlYXJjaFRleHQQAhgEIAA
ARIFFINDRA TUKANG GIGI PURWOKERTO,Dokter gigi,"Dusun III Pliken RT.01/04, Dusun III, Pliken, Kec. Kembaran, Kabupaten Banyumas, Jawa Tengah 53182, Indonesia",0857-4232-4111,https://wa.me/6285742324111,https://www.instagram.com/explore/search/keyword/?q=ARIFFINDRA%20TUKANG%20GIGI%20PURWOKERTO,5,91,https://maps.google.com/?cid=9686460397969543853&g_mp=Cidnb29nbGUubWFwcy5wbGFjZXMudjEuUGxhY2VzLlNlYXJjaFRleHQQAhgEIAA
AHLI GIGI IWAN INDRA WIJAYA,Dokter gigi,"RT.04/RW.03, Dusun I, Bantarwuni, Kec. Kembaran, Kabupaten Banyumas, Jawa Tengah 53182, Indonesia",0815-5951-6988,https://wa.me/6281559516988,https://www.instagram.com/explore/search/keyword/?q=AHLI%20GIGI%20IWAN%20INDRA%20WIJAYA,4.9,199,https://maps.google.com/?cid=11248321313048879219&g_mp=Cidnb29nbGUubWFwcy5wbGFjZXMudjEuUGxhY2VzLlNlYXJjaFRleHQQAhgEIAA
TUKANG GIGI PURWOKERTO SAMSUL,Dokter gigi,"karang sari rt6 Jl. Puteran No.2, Dusun I, Karangsari, Kec. Kembaran, Kabupaten Banyumas, Jawa Tengah 53182, Indonesia",0815-4284-9909,https://wa.me/6281542849909,https://www.instagram.com/explore/search/keyword/?q=TUKANG%20GIGI%20PURWOKERTO%20SAMSUL,4.9,117,https://maps.google.com/?cid=15605683796139126061&g_mp=Cidnb29nbGUubWFwcy5wbGFjZXMudjEuUGxhY2VzLlNlYXJjaFRleHQQAhgEIAA
drg. Soewardo,Dokter gigi,"Jl. RA Wiryaatmaja No.42-34, Pesayangan, Kedungwuluh, Kec. Purwokerto Bar., Kabupaten Banyumas, Jawa Tengah 53131, Indonesia",,,https://www.instagram.com/explore/search/keyword/?q=drg.%20Soewardo,4.7,7,https://maps.google.com/?cid=14169578421152632582&g_mp=Cidnb29nbGUubWFwcy5wbGFjZXMudjEuUGxhY2VzLlNlYXJjaFRleHQQAhgEIAA
Upscale Dental Care Specialist Purwokerto,Dokter gigi,"Jl. Komisaris Bambang Suprapto No.21-23, Cigrobak, Purwokerto Lor, Kec. Purwokerto Tim., Kabupaten Banyumas, Jawa Tengah 53114, Indonesia",0811-9699-9191,https://wa.me/6281196999191,https://www.instagram.com/explore/search/keyword/?q=Upscale%20Dental%20Care%20Specialist%20Purwokerto,5,17,https://maps.google.com/?cid=5442012080261316348&g_mp=Cidnb29nbGUubWFwcy5wbGFjZXMudjEuUGxhY2VzLlNlYXJjaFRleHQQAhgEIAA
drg. Chomsi Latifah,Dokter gigi,"Perum Mersi 21 No.15, Kepetek, Mersi, Kec. Purwokerto Tim., Kabupaten Banyumas, Jawa Tengah 53112, Indonesia",0856-2851-577,https://wa.me/628562851577,https://www.instagram.com/explore/search/keyword/?q=drg.%20Chomsi%20Latifah,5,47,https://maps.google.com/?cid=17708724788005967382&g_mp=Cidnb29nbGUubWFwcy5wbGFjZXMudjEuUGxhY2VzLlNlYXJjaFRleHQQAhgEIAA
Praktek Dokter Gigi Dentica Sokaraja,Dokter gigi,"G7RQ+XXW, Jl. Jend. Sudirman, Dusun I, Sokaraja Kulon, Kec. Sokaraja, Kabupaten Banyumas, Jawa Tengah 53181, Indonesia",0821-1899-8684,https://wa.me/6282118998684,https://www.instagram.com/explore/search/keyword/?q=Praktek%20Dokter%20Gigi%20Dentica%20Sokaraja,5,451,https://maps.google.com/?cid=16363352174132869059&g_mp=Cidnb29nbGUubWFwcy5wbGFjZXMudjEuUGxhY2VzLlNlYXJjaFRleHQQAhgEIAA
Praktek dokter gigi drg. Ibnu / drg Retno,Dokter gigi,"Perumahan Purwosari Indah, Jl. Gn. Slamet Gg IV No.4 (111, Dusun II, Purwosari, Kec. Baturaden, Kabupaten Banyumas, Jawa Tengah 53151, Indonesia",(0281) 633142,https://wa.me/62281633142,https://www.instagram.com/explore/search/keyword/?q=Praktek%20dokter%20gigi%20drg.%20Ibnu%20%2F%20drg%20Retno,5,19,https://maps.google.com/?cid=3369313258437882717&g_mp=Cidnb29nbGUubWFwcy5wbGFjZXMudjEuUGxhY2VzLlNlYXJjaFRleHQQAhgEIAA
drg. Armi. S dan drg. Krista,Dokter gigi,"Jl. Jend. Gatot Subroto No.57, Karangjengkol, Sokanegara, Kec. Purwokerto Tim., Kabupaten Banyumas, Jawa Tengah 53115, Indonesia",0813-2708-3323,https://wa.me/6281327083323,https://www.instagram.com/explore/search/keyword/?q=drg.%20Armi.%20S%20dan%20drg.%20Krista,5,16,https://maps.google.com/?cid=3345662231400297131&g_mp=Cidnb29nbGUubWFwcy5wbGFjZXMudjEuUGxhY2VzLlNlYXJjaFRleHQQAhgEIAA
"drg. Artha Arum Pamungkas (Dokter Gigi) Dokter Gigi Purwokerto, Banyumas, Purbalingga",Dokter gigi,"Jl. Pemuda No.30, Kober, Kec. Purwokerto Bar., Kabupaten Banyumas, Jawa Tengah 53132, Indonesia",0877-1079-5360,https://wa.me/6287710795360,https://www.instagram.com/explore/search/keyword/?q=drg.%20Artha%20Arum%20Pamungkas%20(Dokter%20Gigi)%20Dokter%20Gigi%20Purwokerto%2C%20Banyumas%2C%20Purbalingga,5,5,https://maps.google.com/?cid=6153650793945283956&g_mp=Cidnb29nbGUubWFwcy5wbGFjZXMudjEuUGxhY2VzLlNlYXJjaFRleHQQAhgEIAA
"drg. Ferryanto Husada, Sp. Pros. FISID",Dokter gigi,"Jl. Jend. Gatot Subroto No.43, Karangjengkol, Sokanegara, Kec. Purwokerto Tim., Kabupaten Banyumas, Jawa Tengah 53115, Indonesia",0821-3565-1234,https://wa.me/6282135651234,https://www.instagram.com/explore/search/keyword/?q=drg.%20Ferryanto%20Husada%2C%20Sp.%20Pros.%20FISID,3.8,23,https://maps.google.com/?cid=13653630231108844639&g_mp=Cidnb29nbGUubWFwcy5wbGFjZXMudjEuUGxhY2VzLlNlYXJjaFRleHQQAhgEIAA
drg. Agnes,Dokter gigi,"Jl. S. Parman No.98, Karangbawang, Purwokerto Kulon, Kec. Purwokerto Sel., Kabupaten Banyumas, Jawa Tengah 53141, Indonesia",0812-2701-100,https://wa.me/628122701100,https://www.instagram.com/explore/search/keyword/?q=drg.%20Agnes,3.9,12,https://maps.google.com/?cid=10641102839304302482&g_mp=Cidnb29nbGUubWFwcy5wbGFjZXMudjEuUGxhY2VzLlNlYXJjaFRleHQQAhgEIAA
drg. Lidyawati Hananta,Dokter gigi,"H6PV+385, Glempang, Bancarkembar, Kec. Purwokerto Utara, Kabupaten Banyumas, Jawa Tengah 53121, Indonesia",(0281) 632269,https://wa.me/62281632269,https://www.instagram.com/explore/search/keyword/?q=drg.%20Lidyawati%20Hananta,4.3,65,https://maps.google.com/?cid=11091393236422251844&g_mp=Cidnb29nbGUubWFwcy5wbGFjZXMudjEuUGxhY2VzLlNlYXJjaFRleHQQAhgEIAA
Abbasy Dental Purwokerto,Dokter gigi,"H7V2+Q34, Jl. H. Madrani, Brubahan, Karangwangkal, Kec. Purwokerto Utara, Kabupaten Banyumas, Jawa Tengah 53122, Indonesia",0877-2783-2881,https://wa.me/6287727832881,https://www.instagram.com/explore/search/keyword/?q=Abbasy%20Dental%20Purwokerto,4.7,18,https://maps.google.com/?cid=14723737257724254590&g_mp=Cidnb29nbGUubWFwcy5wbGFjZXMudjEuUGxhY2VzLlNlYXJjaFRleHQQAhgEIAA
lovely behel gallery,Dokter gigi,"Jl. DR. Soeparno No.58, Brubahan, Karangwangkal, Kec. Purwokerto Utara, Kabupaten Banyumas, Jawa Tengah 53123, Indonesia",0838-3689-6561,https://wa.me/6283836896561,https://www.instagram.com/explore/search/keyword/?q=lovely%20behel%20gallery,4.4,82,https://maps.google.com/?cid=1553543252164650650&g_mp=Cidnb29nbGUubWFwcy5wbGFjZXMudjEuUGxhY2VzLlNlYXJjaFRleHQQAhgEIAA
Praktek dokter gigi,Dokter gigi,"Perum Jl. Sumampir Residence Blok B4, RT./Rw/RW.007/002, Sumampir Kulon, Sumampir, Kec. Purwokerto Utara, Kabupaten Banyumas, Jawa Tengah 53125, Indonesia",0813-9210-9191,https://wa.me/6281392109191,https://www.instagram.com/explore/search/keyword/?q=Praktek%20dokter%20gigi,5,3,https://maps.google.com/?cid=5865249265946950732&g_mp=Cidnb29nbGUubWFwcy5wbGFjZXMudjEuUGxhY2VzLlNlYXJjaFRleHQQAhgEIAA
ALL BAIK - Klinik Dokter Gigi (Praktik Bersama),Dokter gigi,"JL HM Bachroen Baru No.1, Berkoh, Kec. Purwokerto Sel., Kabupaten Banyumas, Jawa Tengah 53146, Indonesia",0858-0240-3950,https://wa.me/6285802403950,https://www.instagram.com/explore/search/keyword/?q=ALL%20BAIK%20-%20Klinik%20Dokter%20Gigi%20(Praktik%20Bersama),4.2,21,https://maps.google.com/?cid=10658113657321831927&g_mp=Cidnb29nbGUubWFwcy5wbGFjZXMudjEuUGxhY2VzLlNlYXJjaFRleHQQAhgEIAA
"Praktek drg Wildan Pratama A., Sp.KG",Dokter gigi,"J64M+8CC, Dusun II, Purwosari, Kec. Baturaden, Kabupaten Banyumas, Jawa Tengah 53126, Indonesia",0813-2670-6735,https://wa.me/6281326706735,https://www.instagram.com/explore/search/keyword/?q=Praktek%20drg%20Wildan%20Pratama%20A.%2C%20Sp.KG,5,19,https://maps.google.com/?cid=10702274416989581103&g_mp=Cidnb29nbGUubWFwcy5wbGFjZXMudjEuUGxhY2VzLlNlYXJjaFRleHQQAhgEIAA
Smart Laundry Self Service & Drop Off,Laundry,"Jl. DR. Soeparno No.90, Karangwangkal, Kec. Purwokerto Utara, Kabupaten Banyumas, Jawa Tengah 53123, Indonesia",0821-3880-9619,https://wa.me/6282138809619,https://www.instagram.com/explore/search/keyword/?q=Smart%20Laundry%20Self%20Service%20%26%20Drop%20Off,4.7,114,https://maps.google.com/?cid=3958555234839679815&g_mp=Cidnb29nbGUubWFwcy5wbGFjZXMudjEuUGxhY2VzLlNlYXJjaFRleHQQAhgEIAA
Laundry Express Purwokerto,Laundry,"Jl. SD Inpres, Bersole, Karangpucung, Kec. Purwokerto Sel., Kabupaten Banyumas, Jawa Tengah 53142, Indonesia",0816-762-996,https://wa.me/62816762996,https://www.instagram.com/explore/search/keyword/?q=Laundry%20Express%20Purwokerto,5,209,https://maps.google.com/?cid=7260236771776473793&g_mp=Cidnb29nbGUubWFwcy5wbGFjZXMudjEuUGxhY2VzLlNlYXJjaFRleHQQAhgEIAA
Lulu 'n Be Luxury Laundry | Laundry Satuan Purwokerto | Dry Clean Purwokerto | Wet Clean Purwokerto,Laundry,"Jl. Situmpur komplek ruko nasional No.5, Kongsen, Purwokerto Kulon, Kec. Purwokerto Sel., Kabupaten Banyumas, Jawa Tengah 53141, Indonesia",0851-0290-9999,https://wa.me/6285102909999,https://www.instagram.com/explore/search/keyword/?q=Lulu%20'n%20Be%20Luxury%20Laundry%20%7C%20Laundry%20Satuan%20Purwokerto%20%7C%20Dry%20Clean%20Purwokerto%20%7C%20Wet%20Clean%20Purwokerto,5,75,https://maps.google.com/?cid=10644113523002475794&g_mp=Cidnb29nbGUubWFwcy5wbGFjZXMudjEuUGxhY2VzLlNlYXJjaFRleHQQAhgEIAA
Mommy Laundry Purwokerto,Laundry,"Jl. Gn. Muria No.68A, Brubahan, Grendeng, Kec. Purwokerto Utara, Kabupaten Banyumas, Jawa Tengah 53122, Indonesia",0858-6090-9661,https://wa.me/6285860909661,https://www.instagram.com/explore/search/keyword/?q=Mommy%20Laundry%20Purwokerto,4.7,242,https://maps.google.com/?cid=4549834303746243855&g_mp=Cidnb29nbGUubWFwcy5wbGFjZXMudjEuUGxhY2VzLlNlYXJjaFRleHQQAhgEIAA
Family Laundry Purwokerto,Laundry,"Jl. Pahlawan Gg. VIIA, Tanjung, Kec. Purwokerto Sel., Kabupaten Banyumas, Jawa Tengah 53144, Indonesia",0895-3011-2813,https://wa.me/6289530112813,https://www.instagram.com/explore/search/keyword/?q=Family%20Laundry%20Purwokerto,4.9,9,https://maps.google.com/?cid=11568509806049703812&g_mp=Cidnb29nbGUubWFwcy5wbGFjZXMudjEuUGxhY2VzLlNlYXJjaFRleHQQAhgEIAA
arzan laundry,Laundry,"Jl. Yosodarmo, Pesayangan, Sokanegara, Kec. Purwokerto Tim., Kabupaten Banyumas, Jawa Tengah 53131, Indonesia",0851-8900-0770,https://wa.me/6285189000770,https://www.instagram.com/explore/search/keyword/?q=arzan%20laundry,5,39,https://maps.google.com/?cid=11838781668186261473&g_mp=Cidnb29nbGUubWFwcy5wbGFjZXMudjEuUGxhY2VzLlNlYXJjaFRleHQQAhgEIAA
Estu Laundry Purwokerto,Laundry,"Depan Apotek Wijaya, Jl. DR. Soeparno No.08, Brubahan, Karangwangkal, Kec. Purwokerto Utara, Kabupaten Banyumas, Jawa Tengah 53123, Indonesia",0851-5740-8590,https://wa.me/6285157408590,https://www.instagram.com/explore/search/keyword/?q=Estu%20Laundry%20Purwokerto,5,55,https://maps.google.com/?cid=12299492551690346508&g_mp=Cidnb29nbGUubWFwcy5wbGFjZXMudjEuUGxhY2VzLlNlYXJjaFRleHQQAhgEIAA
J. LAUNDRY PURWOKERTO GRATIS ANTAR JEMPUT,Laundry,"Jl. Sokajati No.45, RT.03/RW.04, Pasirmuncang Tengah, Pasirmuncang, Kec. Purwokerto Bar., Kabupaten Banyumas, Jawa Tengah 53137, Indonesia",0821-3880-2276,https://wa.me/6282138802276,https://www.instagram.com/explore/search/keyword/?q=J.%20LAUNDRY%20PURWOKERTO%20GRATIS%20ANTAR%20JEMPUT,4.8,35,https://maps.google.com/?cid=12569913290212341434&g_mp=Cidnb29nbGUubWFwcy5wbGFjZXMudjEuUGxhY2VzLlNlYXJjaFRleHQQAhgEIAA
Laundry Express Purwokerto,Laundry,"Jl. Riyanto, Sumampir Tengah, Sumampir, Kec. Purwokerto Utara, Kabupaten Banyumas, Jawa Tengah 53125, Indonesia",0816-762-996,https://wa.me/62816762996,https://www.instagram.com/explore/search/keyword/?q=Laundry%20Express%20Purwokerto,4.9,70,https://maps.google.com/?cid=17183104857091463680&g_mp=Cidnb29nbGUubWFwcy5wbGFjZXMudjEuUGxhY2VzLlNlYXJjaFRleHQQAhgEIAA
Oke Laundry,Laundry,"Jalan Kombas Gg. 4, Purwokerto Wetan, Purwokerto Lor, Kec. Purwokerto Tim., Kabupaten Banyumas, Jawa Tengah 53111, Indonesia",0819-0304-1810,https://wa.me/6281903041810,https://www.instagram.com/explore/search/keyword/?q=Oke%20Laundry,4.8,144,https://maps.google.com/?cid=5945505283713948742&g_mp=Cidnb29nbGUubWFwcy5wbGFjZXMudjEuUGxhY2VzLlNlYXJjaFRleHQQAhgEIAA
Laundry 57 Unsoed,Laundry,"Jl. Cendrawasih No.43, Brubahan, Grendeng, Kec. Purwokerto Utara, Kabupaten Banyumas, Jawa Tengah 53122, Indonesia",0822-2598-3780,https://wa.me/6282225983780,https://www.instagram.com/explore/search/keyword/?q=Laundry%2057%20Unsoed,5,93,https://maps.google.com/?cid=5670189374463600369&g_mp=Cidnb29nbGUubWFwcy5wbGFjZXMudjEuUGxhY2VzLlNlYXJjaFRleHQQAhgEIAA
Apik Laundry Express Purwokerto,Laundry,"Jl. Gn. Muria, RT.01/RW.08, Dukuhbandong, Grendeng, Kec. Purwokerto Utara, Kabupaten Banyumas, Jawa Tengah 53122, Indonesia",0813-2954-9344,https://wa.me/6281329549344,https://www.instagram.com/explore/search/keyword/?q=Apik%20Laundry%20Express%20Purwokerto,5,16,https://maps.google.com/?cid=8672289224576025225&g_mp=Cidnb29nbGUubWFwcy5wbGFjZXMudjEuUGxhY2VzLlNlYXJjaFRleHQQAhgEIAA
Mendingan Laundry,Laundry,"Jl. Dr. Gumbreg, Mersi, Kec. Purwokerto Tim., Kabupaten Banyumas, Jawa Tengah 53112, Indonesia",0851-4834-9200,https://wa.me/6285148349200,https://www.instagram.com/explore/search/keyword/?q=Mendingan%20Laundry,5,71,https://maps.google.com/?cid=8645940250846309654&g_mp=Cidnb29nbGUubWFwcy5wbGFjZXMudjEuUGxhY2VzLlNlYXJjaFRleHQQAhgEIAA
Souji Laundry Purwokerto,Laundry,"Jl. Jatiwinangun No.22, Jatiwinangun, Purwokerto Lor, Kec. Purwokerto Tim., Kabupaten Banyumas, Jawa Tengah 53114, Indonesia",0812-2636-6612,https://wa.me/6281226366612,https://www.instagram.com/explore/search/keyword/?q=Souji%20Laundry%20Purwokerto,4.8,25,https://maps.google.com/?cid=7095959148830092372&g_mp=Cidnb29nbGUubWFwcy5wbGFjZXMudjEuUGxhY2VzLlNlYXJjaFRleHQQAhgEIAA
Sae Laundry Tendean,Laundry,"Jl. Pierre Tendean No.37, Brubahan, Purwokerto Lor, Kec. Purwokerto Tim., Kabupaten Banyumas, Jawa Tengah 53116, Indonesia",0813-3205-500,https://wa.me/628133205500,https://www.instagram.com/explore/search/keyword/?q=Sae%20Laundry%20Tendean,4.9,28,https://maps.google.com/?cid=41769175368523981&g_mp=Cidnb29nbGUubWFwcy5wbGFjZXMudjEuUGxhY2VzLlNlYXJjaFRleHQQAhgEIAA
Apik Laundry Self Service Purwokerto,Laundry,"Depan Kantor Pemadam Kebakaran, Komplek ruko, Jl. Brigjend. Encung No.6 Kios Purwakencana 2, Pakembaran, Purwanegara, Kec. Purwokerto Utara, Kabupaten Banyumas, Jawa Tengah 53127, Indonesia",0813-2954-9344,https://wa.me/6281329549344,https://www.instagram.com/explore/search/keyword/?q=Apik%20Laundry%20Self%20Service%20Purwokerto,5,25,https://maps.google.com/?cid=7345176971386233779&g_mp=Cidnb29nbGUubWFwcy5wbGFjZXMudjEuUGxhY2VzLlNlYXJjaFRleHQQAhgEIAA
MAMAO LAUNDRY EXPRESS PURWOKERTO,Laundry,"H6RW+77C, Jl. Profesor DR. HR Boenyamin, Pakembaran, Bancarkembar, Kec. Purwokerto Utara, Kabupaten Banyumas, Jawa Tengah 53121, Indonesia",0811-2888-660,https://wa.me/628112888660,https://www.instagram.com/explore/search/keyword/?q=MAMAO%20LAUNDRY%20EXPRESS%20PURWOKERTO,4.9,47,https://maps.google.com/?cid=16053659808460019576&g_mp=Cidnb29nbGUubWFwcy5wbGFjZXMudjEuUGxhY2VzLlNlYXJjaFRleHQQAhgEIAA
Wuz laundry,Laundry,"Jl. Penatusan II No.49, RT.3/RW.8, Purwokerto Wetan, Kec. Purwokerto Tim., Kabupaten Banyumas, Jawa Tengah 53111, Indonesia",0851-3375-7757,https://wa.me/6285133757757,https://www.instagram.com/explore/search/keyword/?q=Wuz%20laundry,5,74,https://maps.google.com/?cid=18122348265105241468&g_mp=Cidnb29nbGUubWFwcy5wbGFjZXMudjEuUGxhY2VzLlNlYXJjaFRleHQQAhgEIAA
Washing Well Laundry Mangunjaya,Laundry,"Timur, Jl. Mangunjaya No.518, RT.003/RW.003, Cigrobak, Purwokerto Lor, Kec. Purwokerto Tim., Kabupaten Banyumas, Jawa Tengah 53115, Indonesia",0877-8032-3736,https://wa.me/6287780323736,https://www.instagram.com/explore/search/keyword/?q=Washing%20Well%20Laundry%20Mangunjaya,5,79,https://maps.google.com/?cid=14982470563549637352&g_mp=Cidnb29nbGUubWFwcy5wbGFjZXMudjEuUGxhY2VzLlNlYXJjaFRleHQQAhgEIAA
Fast Laundry Purwokerto (Laundry Express),Laundry,"Seberang Lapangan Karangsalam, Jl. Raya Kebocoran, RT.03/RW.02, Dusun II, Karangsalam Kidul, Kec. Kedungbanteng, Kabupaten Banyumas, Jawa Tengah 53152, Indonesia",0896-9283-3502,https://wa.me/6289692833502,https://www.instagram.com/explore/search/keyword/?q=Fast%20Laundry%20Purwokerto%20(Laundry%20Express),5,7,https://maps.google.com/?cid=17785016274054403008&g_mp=Cidnb29nbGUubWFwcy5wbGFjZXMudjEuUGxhY2VzLlNlYXJjaFRleHQQAhgEIAA
Ocean Laundry Express,Laundry,"H6RH+XV2, Karanganjing, Purwanegara, Kec. Purwokerto Tim., Kabupaten Banyumas, Jawa Tengah, Indonesia",0821-4054-8969,https://wa.me/6282140548969,https://www.instagram.com/explore/search/keyword/?q=Ocean%20Laundry%20Express,5,52,https://maps.google.com/?cid=141115159119862946&g_mp=Cidnb29nbGUubWFwcy5wbGFjZXMudjEuUGxhY2VzLlNlYXJjaFRleHQQAhgEIAA
i-Clean laundry premium,Laundry,"Jl. Suramenggala Jl. RA. Wiryatmaja Gg. IV, Rejasari, Kec. Purwokerto Bar., Kabupaten Banyumas, Jawa Tengah 53131, Indonesia",0898-9343-533,https://wa.me/628989343533,https://www.instagram.com/explore/search/keyword/?q=i-Clean%20laundry%20premium,5,21,https://maps.google.com/?cid=17483764694513134550&g_mp=Cidnb29nbGUubWFwcy5wbGFjZXMudjEuUGxhY2VzLlNlYXJjaFRleHQQAhgEIAA
Titik Laundry,Laundry,"Jl. Riyanto No.9, Sumampir Kulon, Sumampir, Kec. Purwokerto Utara, Kabupaten Banyumas, Jawa Tengah 53221, Indonesia",0821-5080-1888,https://wa.me/6282150801888,https://www.instagram.com/explore/search/keyword/?q=Titik%20Laundry,5,44,https://maps.google.com/?cid=12802978677625171048&g_mp=Cidnb29nbGUubWFwcy5wbGFjZXMudjEuUGxhY2VzLlNlYXJjaFRleHQQAhgEIAA
Sobi Laundry,Laundry,"Jl. Patriot Gg. Flamboyan Baru, Gandasuli, Karangpucung, Kec. Purwokerto Sel., Kabupaten Banyumas, Jawa Tengah 53142, Indonesia",0811-2990-100,https://wa.me/628112990100,https://www.instagram.com/explore/search/keyword/?q=Sobi%20Laundry,4.9,45,https://maps.google.com/?cid=18005800793961532331&g_mp=Cidnb29nbGUubWFwcy5wbGFjZXMudjEuUGxhY2VzLlNlYXJjaFRleHQQAhgEIAA
Be Clean Express Laundry,Laundry,"Jl. Perintis Kemerdekaan No.223, Gandasuli, Karangpucung, Kec. Purwokerto Sel., Kabupaten Banyumas, Jawa Tengah 53142, Indonesia",0895-0261-1260,https://wa.me/6289502611260,https://www.instagram.com/explore/search/keyword/?q=Be%20Clean%20Express%20Laundry,5,36,https://maps.google.com/?cid=8904506279654767757&g_mp=Cidnb29nbGUubWFwcy5wbGFjZXMudjEuUGxhY2VzLlNlYXJjaFRleHQQAhgEIAA
Juragan Laundry,Laundry,"Jl. KS. Tubun, Rejasari, Kec. Purwokerto Bar., Kabupaten Banyumas, Jawa Tengah 53134, Indonesia",0812-9174-9178,https://wa.me/6281291749178,https://www.instagram.com/explore/search/keyword/?q=Juragan%20Laundry,5,62,https://maps.google.com/?cid=5214521964523265581&g_mp=Cidnb29nbGUubWFwcy5wbGFjZXMudjEuUGxhY2VzLlNlYXJjaFRleHQQAhgEIAA
K Wash Express Coin Laundry Purwokerto,Laundry,"Jl. Gn. Muria No.1, Dukuhbandong, Grendeng, Kec. Purwokerto Utara, Kabupaten Banyumas, Jawa Tengah 53122, Indonesia",0896-9383-8740,https://wa.me/6289693838740,https://www.instagram.com/explore/search/keyword/?q=K%20Wash%20Express%20Coin%20Laundry%20Purwokerto,4.6,55,https://maps.google.com/?cid=12380303430551445924&g_mp=Cidnb29nbGUubWFwcy5wbGFjZXMudjEuUGxhY2VzLlNlYXJjaFRleHQQAhgEIAA
Laundry Corner Purwokerto,Laundry,"H7X2+M7X, Jl. Gn. Slamet No.10, Brubahan, Grendeng, Kec. Purwokerto Utara, Kabupaten Banyumas, Jawa Tengah 53122, Indonesia",0897-7144-182,https://wa.me/628977144182,https://www.instagram.com/explore/search/keyword/?q=Laundry%20Corner%20Purwokerto,4.8,22,https://maps.google.com/?cid=9897053387964835433&g_mp=Cidnb29nbGUubWFwcy5wbGFjZXMudjEuUGxhY2VzLlNlYXJjaFRleHQQAhgEIAA
Laundry CUCI EXPRESS 1 JAM KERING,Laundry,"Jl. Brigjend. Encung No.1035a, Pakembaran, Bancarkembar, Kec. Purwokerto Utara, Kabupaten Banyumas, Jawa Tengah 53127, Indonesia",0877-1931-0077,https://wa.me/6287719310077,https://www.instagram.com/explore/search/keyword/?q=Laundry%20CUCI%20EXPRESS%201%20JAM%20KERING,4.9,50,https://maps.google.com/?cid=12900692631174133299&g_mp=Cidnb29nbGUubWFwcy5wbGFjZXMudjEuUGxhY2VzLlNlYXJjaFRleHQQAhgEIAA
KingKong Laundry,Laundry,"Jl. Kalisari, NA2, Sumampir, Kec. Purwokerto Utara, Kabupaten Banyumas, Jawa Tengah 53125, Indonesia",0821-3020-8038,https://wa.me/6282130208038,https://www.instagram.com/explore/search/keyword/?q=KingKong%20Laundry,4.9,52,https://maps.google.com/?cid=11215902352562227398&g_mp=Cidnb29nbGUubWFwcy5wbGFjZXMudjEuUGxhY2VzLlNlYXJjaFRleHQQAhgEIAA
R2 Laundry Purwokerto,Laundry,"Jl pramuka, rumah biru persis, Jl. Sidodadi Belakang No.1, Samudra, Purwokerto Kidul, Kec. Purwokerto Sel., Kabupaten Banyumas, Jawa Tengah 53147, Indonesia",0895-8110-11011,https://wa.me/62895811011011,https://www.instagram.com/explore/search/keyword/?q=R2%20Laundry%20Purwokerto,5,1,https://maps.google.com/?cid=4671585319976625039&g_mp=Cidnb29nbGUubWFwcy5wbGFjZXMudjEuUGxhY2VzLlNlYXJjaFRleHQQAhgEIAA
Viva Laundry Express,Laundry,"Jl. S. Parman No.38, Karangbawang, Purwokerto Kulon, Kec. Purwokerto Sel., Kabupaten Banyumas, Jawa Tengah 53141, Indonesia",,,https://www.instagram.com/explore/search/keyword/?q=Viva%20Laundry%20Express,5,22,https://maps.google.com/?cid=11520796646202558770&g_mp=Cidnb29nbGUubWFwcy5wbGFjZXMudjEuUGxhY2VzLlNlYXJjaFRleHQQAhgEIAA
LALA LAUNDRY,Laundry,"Purwokerto, Karangjengkol, Sokanegara, Kec. Purwokerto Tim., Kabupaten Banyumas, Jawa Tengah 53115, Indonesia",0895-4229-18486,https://wa.me/62895422918486,https://www.instagram.com/explore/search/keyword/?q=LALA%20LAUNDRY,4.9,28,https://maps.google.com/?cid=18272438165344954068&g_mp=Cidnb29nbGUubWFwcy5wbGFjZXMudjEuUGxhY2VzLlNlYXJjaFRleHQQAhgEIAA
Purple Clean Laundry Purwokerto,Laundry,"Jl. Candrawijaya No.3d, Dusun II, Purwosari, Kec. Baturaden, Kabupaten Banyumas, Jawa Tengah 53126, Indonesia",0812-1992-5531,https://wa.me/6281219925531,https://www.instagram.com/explore/search/keyword/?q=Purple%20Clean%20Laundry%20Purwokerto,5,21,https://maps.google.com/?cid=13920156894851284585&g_mp=Cidnb29nbGUubWFwcy5wbGFjZXMudjEuUGxhY2VzLlNlYXJjaFRleHQQAhgEIAA
Sae Laundry Express,Laundry,"Jl. Kamandaka No.30, Bobosan, Kec. Purwokerto Utara, Kabupaten Banyumas, Jawa Tengah 53127, Indonesia",0812-2973-8400,https://wa.me/6281229738400,https://www.instagram.com/explore/search/keyword/?q=Sae%20Laundry%20Express,4.8,20,https://maps.google.com/?cid=17527470542200760204&g_mp=Cidnb29nbGUubWFwcy5wbGFjZXMudjEuUGxhY2VzLlNlYXJjaFRleHQQAhgEIAA
Nadzief Laundry,Laundry,"Jalan Purnawira Kadus 3, RT.3/RW.3, Ledug Lor, Ledug, Kec. Kembaran, Kabupaten Banyumas, Jawa Tengah 53182, Indonesia",0851-9963-4546,https://wa.me/6285199634546,https://www.instagram.com/explore/search/keyword/?q=Nadzief%20Laundry,5,40,https://maps.google.com/?cid=14724028123987682538&g_mp=Cidnb29nbGUubWFwcy5wbGFjZXMudjEuUGxhY2VzLlNlYXJjaFRleHQQAhgEIAA
House of laundry express purwokerto,Laundry,"Jalan raya karang gintung Dusun ciwarak rt 08, RW.03, Karang Gintung, Sumbang, Kec. Purwokerto Utara, Kabupaten Banyumas, Jawa Tengah 53183, Indonesia",0852-3333-4626,https://wa.me/6285233334626,https://www.instagram.com/explore/search/keyword/?q=House%20of%20laundry%20express%20purwokerto,5,7,https://maps.google.com/?cid=5143243259374431290&g_mp=Cidnb29nbGUubWFwcy5wbGFjZXMudjEuUGxhY2VzLlNlYXJjaFRleHQQAhgEIAA
Solusi Laundry Unsoed Purwokerto,Laundry,"Jl. Gn. Muria No.20, Brubahan, Grendeng, Kec. Purwokerto Utara, Kabupaten Banyumas, Jawa Tengah 53122, Indonesia",0895-2736-4564,https://wa.me/6289527364564,https://www.instagram.com/explore/search/keyword/?q=Solusi%20Laundry%20Unsoed%20Purwokerto,4.5,31,https://maps.google.com/?cid=12198348256988567078&g_mp=Cidnb29nbGUubWFwcy5wbGFjZXMudjEuUGxhY2VzLlNlYXJjaFRleHQQAhgEIAA
Parfum Laundry Purwokerto wangi tahan lama,Laundry,"ruko tengah, Jl. Brigjend. Encung, Pakembaran, Bancarkembar, Kec. Purwokerto Utara, Kabupaten Banyumas, Jawa Tengah 53121, Indonesia",,,https://www.instagram.com/explore/search/keyword/?q=Parfum%20Laundry%20Purwokerto%20wangi%20tahan%20lama,5,11,https://maps.google.com/?cid=12456699885392733250&g_mp=Cidnb29nbGUubWFwcy5wbGFjZXMudjEuUGxhY2VzLlNlYXJjaFRleHQQAhgEIAA
Pink Laundry,Laundry,"Jl. Cendrawasih No.20, RT.3/RW.7, Dukuhbandong, Grendeng, Kec. Purwokerto Utara, Kabupaten Banyumas, Jawa Tengah 53122, Indonesia",0877-2764-3555,https://wa.me/6287727643555,https://www.instagram.com/explore/search/keyword/?q=Pink%20Laundry,3,6,https://maps.google.com/?cid=638580462518296409&g_mp=Cidnb29nbGUubWFwcy5wbGFjZXMudjEuUGxhY2VzLlNlYXJjaFRleHQQAhgEIAA
Goldenest Laundry Purwokerto,Laundry,"Jalan Gg Rogojembangan, RT.3/RW.3, Bancarkembar, Purwokerto Utara, Jalan Gunung Rogo Jembangan No.19, Pakembaran, Bancarkembar, Kecamatan Purwokerto Utara, Pakembaran, Bancarkembar, Kec. Purwokerto Utara, Kabupaten Banyumas, Jawa Tengah 53121, Indonesia",0812-7857-2702,https://wa.me/6281278572702,https://www.instagram.com/explore/search/keyword/?q=Goldenest%20Laundry%20Purwokerto,4.6,14,https://maps.google.com/?cid=9842288659219464637&g_mp=Cidnb29nbGUubWFwcy5wbGFjZXMudjEuUGxhY2VzLlNlYXJjaFRleHQQAhgEIAA
Laundry CUCI EXPRESS 1 JAM KERING,Laundry,"Jl. Kolonel Sugiono No.51-13, Penisian, Purwokerto Kulon, Kec. Purwokerto Sel., Kabupaten Banyumas, Jawa Tengah 53116, Indonesia",0877-1931-0077,https://wa.me/6287719310077,https://www.instagram.com/explore/search/keyword/?q=Laundry%20CUCI%20EXPRESS%201%20JAM%20KERING,4.5,42,https://maps.google.com/?cid=15671975134692944318&g_mp=Cidnb29nbGUubWFwcy5wbGFjZXMudjEuUGxhY2VzLlNlYXJjaFRleHQQAhgEIAA
"Kafia Laundry Andalan Purwokerto (Laundry Kiloan dan Satuan, Laundry Express, Laundry Sepatu, Free Antar Jemput)",Laundry,"Jl. Suparto, RT.01 RW03, Dusun II, Purwosari, Kec. Baturaden, Kabupaten Banyumas, Jawa Tengah 53126, Indonesia",0851-2937-7337,https://wa.me/6285129377337,https://www.instagram.com/explore/search/keyword/?q=Kafia%20Laundry%20Andalan%20Purwokerto%20(Laundry%20Kiloan%20dan%20Satuan%2C%20Laundry%20Express%2C%20Laundry%20Sepatu%2C%20Free%20Antar%20Jemput),4.8,23,https://maps.google.com/?cid=6022578933617946666&g_mp=Cidnb29nbGUubWFwcy5wbGFjZXMudjEuUGxhY2VzLlNlYXJjaFRleHQQAhgEIAA
LAUNDRY CUCI EXPRESS 1 JAM KERING,Laundry,"H6HV+FJG, Jl. Overste Isdiman, Kebondalem, Purwokerto Lor, Kec. Purwokerto Tim., Kabupaten Banyumas, Jawa Tengah 53114, Indonesia",0877-1931-0077,https://wa.me/6287719310077,https://www.instagram.com/explore/search/keyword/?q=LAUNDRY%20CUCI%20EXPRESS%201%20JAM%20KERING,4.8,12,https://maps.google.com/?cid=14397343053625447718&g_mp=Cidnb29nbGUubWFwcy5wbGFjZXMudjEuUGxhY2VzLlNlYXJjaFRleHQQAhgEIAA
Optik b riski purwokerto,Optik,"Jl. Jend. Sudirman No.862, Purwokerto Wetan, Kec. Purwokerto Tim., Kabupaten Banyumas, Jawa Tengah 53147, Indonesia",0859-0903-471,https://wa.me/628590903471,https://www.instagram.com/explore/search/keyword/?q=Optik%20b%20riski%20purwokerto,4.9,324,https://maps.google.com/?cid=17873681331399826307&g_mp=Cidnb29nbGUubWFwcy5wbGFjZXMudjEuUGxhY2VzLlNlYXJjaFRleHQQAhgEIAA
Optik Tiga Lima,Optik,"Jl. Overste Isdiman No.7A, Kebondalem, Purwokerto Lor, Kec. Purwokerto Tim., Kabupaten Banyumas, Jawa Tengah 53114, Indonesia",(0281) 626720,https://wa.me/62281626720,https://www.instagram.com/explore/search/keyword/?q=Optik%20Tiga%20Lima,4.4,198,https://maps.google.com/?cid=14833590088384773588&g_mp=Cidnb29nbGUubWFwcy5wbGFjZXMudjEuUGxhY2VzLlNlYXJjaFRleHQQAhgEIAA
Optik geni purwokerto,Optik,"Jl. Riyanto, Sumampir Wetan, Pabuaran, Pakembaran, Sumampir Wetan, Bancarkembar, Kec. Purwokerto Utara, Kabupaten Banyumas, Jawa Tengah 53125, Indonesia",0813-2544-5398,https://wa.me/6281325445398,https://www.instagram.com/explore/search/keyword/?q=Optik%20geni%20purwokerto,5,83,https://maps.google.com/?cid=13933658008598898597&g_mp=Cidnb29nbGUubWFwcy5wbGFjZXMudjEuUGxhY2VzLlNlYXJjaFRleHQQAhgEIAA
Fior Optic Purwokerto,Optik,"Jl. Pierre Tendean No.34-35, Kauman Lama, Purwokerto Lor, Kec. Purwokerto Tim., Kabupaten Banyumas, Jawa Tengah 53116, Indonesia",0878-6267-3935,https://wa.me/6287862673935,https://www.instagram.com/explore/search/keyword/?q=Fior%20Optic%20Purwokerto,4.9,57,https://maps.google.com/?cid=11871995497854066996&g_mp=Cidnb29nbGUubWFwcy5wbGFjZXMudjEuUGxhY2VzLlNlYXJjaFRleHQQAhgEIAA
MAS GLASSES,Optik,"Jl. Masjid No.28a, Purwokerto, Sokanegara, Kec. Purwokerto Tim., Kabupaten Banyumas, Jawa Tengah 53115, Indonesia",0851-8816-1247,https://wa.me/6285188161247,https://www.instagram.com/explore/search/keyword/?q=MAS%20GLASSES,4.8,26,https://maps.google.com/?cid=13161744460293695516&g_mp=Cidnb29nbGUubWFwcy5wbGFjZXMudjEuUGxhY2VzLlNlYXJjaFRleHQQAhgEIAA
Optik Fokus Purwokerto,Optik,"H6JG+2MR, Jl. RA Wiryaatmaja, Pesayangan, Kedungwuluh, Kec. Purwokerto Bar., Kabupaten Banyumas, Jawa Tengah 53131, Indonesia",,,https://www.instagram.com/explore/search/keyword/?q=Optik%20Fokus%20Purwokerto,5,36,https://maps.google.com/?cid=13746552115405250827&g_mp=Cidnb29nbGUubWFwcy5wbGFjZXMudjEuUGxhY2VzLlNlYXJjaFRleHQQAhgEIAA
Optik Seis Express - RITA SuperMall,Optik,"GROUND FLOOR # GF-43, Jl. Jend. Sudirman No.296, Kranjimuntang, Sokanegara, Kec. Purwokerto Tim., Kabupaten Banyumas, Jawa Tengah 53116, Indonesia",(0281) 7773559,https://wa.me/622817773559,https://www.instagram.com/explore/search/keyword/?q=Optik%20Seis%20Express%20-%20RITA%20SuperMall,4.9,195,https://maps.google.com/?cid=11798705938955029047&g_mp=Cidnb29nbGUubWFwcy5wbGFjZXMudjEuUGxhY2VzLlNlYXJjaFRleHQQAhgEIAA
Optik Merdeka,Optik,"Jl. Jend. Gatot Subroto No.72, Purwokerto, Sokanegara, Kec. Purwokerto Tim., Kabupaten Banyumas, Jawa Tengah 53116, Indonesia",(0281) 640880,https://wa.me/62281640880,https://www.instagram.com/explore/search/keyword/?q=Optik%20Merdeka,4.7,118,https://maps.google.com/?cid=11695820174648129119&g_mp=Cidnb29nbGUubWFwcy5wbGFjZXMudjEuUGxhY2VzLlNlYXJjaFRleHQQAhgEIAA
Optik Idola,Optik,"Jl. Profesor DR. HR Boenyamin No.44B, Glempang, Bancarkembar, Kec. Purwokerto Utara, Kabupaten Banyumas, Jawa Tengah 53121, Indonesia",0877-6777-8887,https://wa.me/6287767778887,https://www.instagram.com/explore/search/keyword/?q=Optik%20Idola,4.8,31,https://maps.google.com/?cid=4781248234932422178&g_mp=Cidnb29nbGUubWFwcy5wbGFjZXMudjEuUGxhY2VzLlNlYXJjaFRleHQQAhgEIAA
OPTIK MULYA PURWOKERTO,Optik,"Dusun III, Karangsalam Kidul, Kec. Kedungbanteng, Kabupaten Banyumas, Jawa Tengah 53152, Indonesia",,,https://www.instagram.com/explore/search/keyword/?q=OPTIK%20MULYA%20PURWOKERTO,4.8,34,https://maps.google.com/?cid=13429953954174274877&g_mp=Cidnb29nbGUubWFwcy5wbGFjZXMudjEuUGxhY2VzLlNlYXJjaFRleHQQAhgEIAA
Optik Yani Purwokerto,Optik,"H6JJ+P42, Jl. A. Yani, Pesayangan, Kedungwuluh, Kec. Purwokerto Bar., Kabupaten Banyumas, Jawa Tengah 53131, Indonesia",0813-9035-4449,https://wa.me/6281390354449,https://www.instagram.com/explore/search/keyword/?q=Optik%20Yani%20Purwokerto,4.8,9,https://maps.google.com/?cid=414167892586646329&g_mp=Cidnb29nbGUubWFwcy5wbGFjZXMudjEuUGxhY2VzLlNlYXJjaFRleHQQAhgEIAA
Dunia Optic Purwokerto,Optik,"H6GH+RQW, Jl. Masjid, Purwokerto, Sokanegara, Kec. Purwokerto Tim., Kabupaten Banyumas, Jawa Tengah 53115, Indonesia",(0281) 640933,https://wa.me/62281640933,https://www.instagram.com/explore/search/keyword/?q=Dunia%20Optic%20Purwokerto,4.4,10,https://maps.google.com/?cid=12575439298976038737&g_mp=Cidnb29nbGUubWFwcy5wbGFjZXMudjEuUGxhY2VzLlNlYXJjaFRleHQQAhgEIAA
DELTA KACAMATA,Optik,"Jl. RA Wiryaatmaja, Pesayangan, Kedungwuluh, Kec. Purwokerto Bar., Kabupaten Banyumas, Jawa Tengah 53131, Indonesia",0813-2794-1139,https://wa.me/6281327941139,https://www.instagram.com/explore/search/keyword/?q=DELTA%20KACAMATA,4.8,29,https://maps.google.com/?cid=3163247324264559056&g_mp=Cidnb29nbGUubWFwcy5wbGFjZXMudjEuUGxhY2VzLlNlYXJjaFRleHQQAhgEIAA
Optik Hadi,Optik,"Jl. Merdeka Ruko Merdeka No.5, Brubahan, Purwanegara, Kec. Purwokerto Tim., Kabupaten Banyumas, Jawa Tengah 53116, Indonesia",0877-3484-2000,https://wa.me/6287734842000,https://www.instagram.com/explore/search/keyword/?q=Optik%20Hadi,4.6,31,https://maps.google.com/?cid=8841397114188524446&g_mp=Cidnb29nbGUubWFwcy5wbGFjZXMudjEuUGxhY2VzLlNlYXJjaFRleHQQAhgEIAA
Optik Sambas,Optik,"JL Prof Dr HR Bunyamin No.55, Glempang, Bancarkembar, Kec. Purwokerto Utara, Kabupaten Banyumas, Jawa Tengah 53121, Indonesia",(0281) 633352,https://wa.me/62281633352,https://www.instagram.com/explore/search/keyword/?q=Optik%20Sambas,4.6,76,https://maps.google.com/?cid=4023255591041595230&g_mp=Cidnb29nbGUubWFwcy5wbGFjZXMudjEuUGxhY2VzLlNlYXJjaFRleHQQAhgEIAA
Akur Optic 55 cabang Purwokerto,Optik,"Jl. SMP 5, Windusara, Karangklesem, Kec. Purwokerto Sel., Kabupaten Banyumas, Jawa Tengah 53144, Indonesia",0851-0514-0909,https://wa.me/6285105140909,https://www.instagram.com/explore/search/keyword/?q=Akur%20Optic%2055%20cabang%20Purwokerto,4.3,7,https://maps.google.com/?cid=2173443533662631374&g_mp=Cidnb29nbGUubWFwcy5wbGFjZXMudjEuUGxhY2VzLlNlYXJjaFRleHQQAhgEIAA
Optik Mata Sehat Purwokerto,Optik,"Perumahan Tanjung elok Jl. Beringin Raya, Bojong, Tanjung, Kec. Purwokerto Sel., Kabupaten Banyumas, Jawa Tengah 53144, Indonesia",0852-1987-2754,https://wa.me/6285219872754,https://www.instagram.com/explore/search/keyword/?q=Optik%20Mata%20Sehat%20Purwokerto,5,3,https://maps.google.com/?cid=12815774650612273676&g_mp=Cidnb29nbGUubWFwcy5wbGFjZXMudjEuUGxhY2VzLlNlYXJjaFRleHQQAhgEIAA
Universal Grosir Kacamata,Optik,"Jl. Sultan Agung, Tasari, Teluk, Kec. Purwokerto Sel., Kabupaten Banyumas, Jawa Tengah 53145, Indonesia",0852-2229-9110,https://wa.me/6285222299110,https://www.instagram.com/explore/search/keyword/?q=Universal%20Grosir%20Kacamata,4.8,26,https://maps.google.com/?cid=16422126125268291339&g_mp=Cidnb29nbGUubWFwcy5wbGFjZXMudjEuUGxhY2VzLlNlYXJjaFRleHQQAhgEIAA
Daya Kacamata,Optik,"Jl. Mayjend. Sutoyo No.57, Sawangan, Kedungwuluh, Kec. Purwokerto Bar., Kabupaten Banyumas, Jawa Tengah 53131, Indonesia",,,https://www.instagram.com/explore/search/keyword/?q=Daya%20Kacamata,4.9,23,https://maps.google.com/?cid=8673937344398712230&g_mp=Cidnb29nbGUubWFwcy5wbGFjZXMudjEuUGxhY2VzLlNlYXJjaFRleHQQAhgEIAA
Glow Vision,Optik,"Ruko Graha Timur, Jl. Martadireja 1 No.07 blok B, Kepetek, Mersi, Kec. Purwokerto Tim., Kabupaten Banyumas, Jawa Tengah 53147, Indonesia",0851-2262-1709,https://wa.me/6285122621709,https://www.instagram.com/explore/search/keyword/?q=Glow%20Vision,5,12,https://maps.google.com/?cid=10127712377134127791&g_mp=Cidnb29nbGUubWFwcy5wbGFjZXMudjEuUGxhY2VzLlNlYXJjaFRleHQQAhgEIAA
DOOZ Optik Purwokerto,Optik,"Jl. Veteran No.101D, Pasirmuncang Kulon, Pasirmuncang, Kec. Purwokerto Bar., Kabupaten Banyumas, Jawa Tengah 53137, Indonesia",0811-2640-770,https://wa.me/628112640770,https://www.instagram.com/explore/search/keyword/?q=DOOZ%20Optik%20Purwokerto,5,6,https://maps.google.com/?cid=14781686172345859628&g_mp=Cidnb29nbGUubWFwcy5wbGFjZXMudjEuUGxhY2VzLlNlYXJjaFRleHQQAhgEIAA
Distributor Kacamata Kesehatan,Optik,"Jl. Sawunggalih No.1 no.29, RT.01/RW.01, Dusun I, Pasir Kidul, Kec. Purwokerto Bar., Kabupaten Banyumas, Jawa Tengah 53135, Indonesia",0877-8492-9327,https://wa.me/6287784929327,https://www.instagram.com/explore/search/keyword/?q=Distributor%20Kacamata%20Kesehatan,5,1,https://maps.google.com/?cid=2140298873201362754&g_mp=Cidnb29nbGUubWFwcy5wbGFjZXMudjEuUGxhY2VzLlNlYXJjaFRleHQQAhgEIAA
Abiyyu Kacamata,Optik,"Jl. DR. Soeparno No.1-90, Karangwangkal, Kec. Purwokerto Utara, Kabupaten Banyumas, Jawa Tengah 53122, Indonesia",0896-6626-8650,https://wa.me/6289666268650,https://www.instagram.com/explore/search/keyword/?q=Abiyyu%20Kacamata,5,10,https://maps.google.com/?cid=16952601001201388772&g_mp=Cidnb29nbGUubWFwcy5wbGFjZXMudjEuUGxhY2VzLlNlYXJjaFRleHQQAhgEIAA
Optik Famili,Optik,"Jl. Kauman Lama Gg.02 No.29a, Kauman Lama, Purwokerto Lor, Kec. Purwokerto Tim., Kabupaten Banyumas, Jawa Tengah 53114, Indonesia",0815-4299-8855,https://wa.me/6281542998855,https://www.instagram.com/explore/search/keyword/?q=Optik%20Famili,5,3,https://maps.google.com/?cid=6794198603282419677&g_mp=Cidnb29nbGUubWFwcy5wbGFjZXMudjEuUGxhY2VzLlNlYXJjaFRleHQQAhgEIAA
Optik Baru,Optik,"Jl. Jendral Suprapto No.41, Kauman Lama, Purwokerto Lor, Kec. Purwokerto Tim., Kabupaten Banyumas, Jawa Tengah 53114, Indonesia",(0281) 633507,https://wa.me/62281633507,https://www.instagram.com/explore/search/keyword/?q=Optik%20Baru,5,2,https://maps.google.com/?cid=14133699214366986639&g_mp=Cidnb29nbGUubWFwcy5wbGFjZXMudjEuUGxhY2VzLlNlYXJjaFRleHQQAhgEIAA
Optik Pasma Jaya,Optik,"H67C+J85, Jl. Margantara, Tanjung, Kec. Purwokerto Sel., Kabupaten Banyumas, Jawa Tengah 53144, Indonesia",,,https://www.instagram.com/explore/search/keyword/?q=Optik%20Pasma%20Jaya,4.7,15,https://maps.google.com/?cid=14158054912127248155&g_mp=Cidnb29nbGUubWFwcy5wbGFjZXMudjEuUGxhY2VzLlNlYXJjaFRleHQQAhgEIAA
Optik gaya baru 222,Optik,"Jl. Jend. Sudirman No.222, Brubahan, Purwanegara, Kec. Purwokerto Tim., Kabupaten Banyumas, Jawa Tengah 53116, Indonesia",(0281) 637581,https://wa.me/62281637581,https://www.instagram.com/explore/search/keyword/?q=Optik%20gaya%20baru%20222,5,6,https://maps.google.com/?cid=17875173780517385122&g_mp=Cidnb29nbGUubWFwcy5wbGFjZXMudjEuUGxhY2VzLlNlYXJjaFRleHQQAhgEIAA
Kacamata Kesehatan K ION NANO,Optik,"Jl. Sawunggaling V No.29, RT.01/RW.01, Dusun I, Pasir Kidul, Kec. Purwokerto Bar., Kabupaten Banyumas, Jawa Tengah 53135, Indonesia",0857-2639-0739,https://wa.me/6285726390739,https://www.instagram.com/explore/search/keyword/?q=Kacamata%20Kesehatan%20K%20ION%20NANO,5,2,https://maps.google.com/?cid=4406134224968520792&g_mp=Cidnb29nbGUubWFwcy5wbGFjZXMudjEuUGxhY2VzLlNlYXJjaFRleHQQAhgEIAA
Ruang Kacamatakita,Optik,"Jl. Karangasri, Dusun II Karangrau, Karangrau, Kec. Sokaraja, Kabupaten Banyumas, Jawa Tengah 53142, Indonesia",0857-4007-0474,https://wa.me/6285740070474,https://www.instagram.com/explore/search/keyword/?q=Ruang%20Kacamatakita,5,2,https://maps.google.com/?cid=17135256999006601453&g_mp=Cidnb29nbGUubWFwcy5wbGFjZXMudjEuUGxhY2VzLlNlYXJjaFRleHQQAhgEIAA
Optik Universal RS Mata Tanjung,Optik,"Jl. Beringin Raya Tanjung Elok No.1, Bojong, Tanjung, Kec. Purwokerto Sel., Kabupaten Banyumas, Jawa Tengah 53144, Indonesia",,,https://www.instagram.com/explore/search/keyword/?q=Optik%20Universal%20RS%20Mata%20Tanjung,5,3,https://maps.google.com/?cid=7114037571705188400&g_mp=Cidnb29nbGUubWFwcy5wbGFjZXMudjEuUGxhY2VzLlNlYXJjaFRleHQQAhgEIAA
Toko Kacamata Pahlawan,Optik,"H67C+87Q, Tanjung, Kec. Purwokerto Sel., Kabupaten Banyumas, Jawa Tengah 53144, Indonesia",0822-9872-3355,https://wa.me/6282298723355,https://www.instagram.com/explore/search/keyword/?q=Toko%20Kacamata%20Pahlawan,4.6,11,https://maps.google.com/?cid=9476378212712582634&g_mp=Cidnb29nbGUubWFwcy5wbGFjZXMudjEuUGxhY2VzLlNlYXJjaFRleHQQAhgEIAA
OPTIK SURYA,Optik,"blok 27 No 22, Jl. Griya Satria Mandala Tama, Karanglewas Lor, Kec. Purwokerto Bar., Kabupaten Banyumas, Jawa Tengah 53136, Indonesia",0812-8942-5092,https://wa.me/6281289425092,https://www.instagram.com/explore/search/keyword/?q=OPTIK%20SURYA,5,4,https://maps.google.com/?cid=10542412041674228245&g_mp=Cidnb29nbGUubWFwcy5wbGFjZXMudjEuUGxhY2VzLlNlYXJjaFRleHQQAhgEIAA
Optik Giri Arta,Optik,"H767+XFP, Kalibakal, Berkoh, Kec. Purwokerto Sel., Kabupaten Banyumas, Jawa Tengah 53146, Indonesia",(0281) 640119,https://wa.me/62281640119,https://www.instagram.com/explore/search/keyword/?q=Optik%20Giri%20Arta,4.6,11,https://maps.google.com/?cid=6068196232801400154&g_mp=Cidnb29nbGUubWFwcy5wbGFjZXMudjEuUGxhY2VzLlNlYXJjaFRleHQQAhgEIAA
PROVISTA OPTIK,Optik,"Depan SMA, Jl. Pramuka Banyumas - Purwokerto Road, Mruyung, Sudagaran, Kec. Banyumas, Kabupaten Banyumas, Jawa Tengah 53192, Indonesia",0821-1588-4994,https://wa.me/6282115884994,https://www.instagram.com/explore/search/keyword/?q=PROVISTA%20OPTIK,4.9,35,https://maps.google.com/?cid=10685701398023735012&g_mp=Cidnb29nbGUubWFwcy5wbGFjZXMudjEuUGxhY2VzLlNlYXJjaFRleHQQAhgEIAA
Optik Gaya Baru Sudirman,Optik,"Jl. Jend. Sudirman No.333, Pejagalan, Purwokerto Kidul, Kec. Purwokerto Sel., Kabupaten Banyumas, Jawa Tengah 53114, Indonesia",,,https://www.instagram.com/explore/search/keyword/?q=Optik%20Gaya%20Baru%20Sudirman,,,https://maps.google.com/?cid=17793470510966899727&g_mp=Cidnb29nbGUubWFwcy5wbGFjZXMudjEuUGxhY2VzLlNlYXJjaFRleHQQAhgEIAA
PENTING !!! Banyumas Fiber OPTIK,Optik,"Rawadawa, Kedungwringin, Kec. Patikraja, Kabupaten Banyumas, Jawa Tengah 53171, Indonesia",0811-2653-171,https://wa.me/628112653171,https://www.instagram.com/explore/search/keyword/?q=PENTING%20!!!%20Banyumas%20Fiber%20OPTIK,5,77,https://maps.google.com/?cid=5474996022673742524&g_mp=Cidnb29nbGUubWFwcy5wbGFjZXMudjEuUGxhY2VzLlNlYXJjaFRleHQQAhgEIAA
Jamika Grosir Center Jam-Imitasi-Kacamata,Optik,"H6JJ+M5P, Jl. A. Yani, Pesayangan, Sokanegara, Kec. Purwokerto Tim., Kabupaten Banyumas, Jawa Tengah 53115, Indonesia",0856-4790-9373,https://wa.me/6285647909373,https://www.instagram.com/explore/search/keyword/?q=Jamika%20Grosir%20Center%20Jam-Imitasi-Kacamata,4.6,7,https://maps.google.com/?cid=1494848360023014663&g_mp=Cidnb29nbGUubWFwcy5wbGFjZXMudjEuUGxhY2VzLlNlYXJjaFRleHQQAhgEIAA
RS Khusus Mata Purwokerto,Optik,"Jl. Beringin Raya No.120-116, Bojong, Tanjung, Kec. Purwokerto Sel., Kabupaten Banyumas, Jawa Tengah 53144, Indonesia",(0281) 635602,https://wa.me/62281635602,https://www.instagram.com/explore/search/keyword/?q=RS%20Khusus%20Mata%20Purwokerto,4.2,556,https://maps.google.com/?cid=8980122358071705803&g_mp=Cidnb29nbGUubWFwcy5wbGFjZXMudjEuUGxhY2VzLlNlYXJjaFRleHQQAhgEIAA
Optik Satria,Optik,"H6CV+9CR, Jl. Situmpur, Kongsen, Purwokerto Kulon, Kec. Purwokerto Sel., Kabupaten Banyumas, Jawa Tengah 53141, Indonesia",0812-2972-979,https://wa.me/628122972979,https://www.instagram.com/explore/search/keyword/?q=Optik%20Satria,4.5,4,https://maps.google.com/?cid=3112690919926409123&g_mp=Cidnb29nbGUubWFwcy5wbGFjZXMudjEuUGxhY2VzLlNlYXJjaFRleHQQAhgEIAA